# isNEO , objectID , objectType , orbit_AP , orbit_LAN , orbit_TP , orbit_e , orbit_i , orbit_q
False , K10A00006T , None , 230.5307013 , 272.1825922 , 2459063.1294005 , 0.257350679 , 23.0032818 , 1.685605584
False , K10A00007Z , None , 29.6606148 , 65.8046427 , 2459105.6588598 , 0.228535984 , 6.5133343 , 1.805459317
False , K10A00014E , None , 36.5691076 , 297.2804162 , 2458972.8024741 , 0.193467631 , 13.840442 , 2.004152841
False , K10A00128T , None , 160.0069395 , 152.1973212 , 2457836.2239908 , 0.205950294 , 11.3982865 , 2.484003517
False , K10A00004C , None , 148.9291917 , 253.4657506 , 2457958.0559476 , 0.095583333 , 13.3653471 , 2.296399124
False , K10A00054S , None , 332.7128088 , 119.6395168 , 2458460.4807549 , 0.122261238 , 10.3927435 , 2.452396571
False , K10A00039L , None , 78.3545257 , 105.9742456 , 2458585.5403714 , 0.204755661 , 25.4703805 , 2.100945795
False , K10A00025E , None , 1.3863604 , 101.9736037 , 2458332.1038385 , 0.047841791 , 3.3072983 , 2.557657162
False , K10A00034E , None , 194.1663856 , 28.9751438 , 2458583.4808614 , 0.121227876 , 2.382517 , 2.264919466
False , K10A00064O , None , 153.1403061 , 332.4283702 , 2459340.0701261 , 0.187447704 , 10.9075003 , 2.549392127
False , K10A00028B , None , 312.0021283 , 71.7200413 , 2458241.6250345 , 0.10143292 , 4.3738796 , 2.48811141
False , K10A00117M , None , 38.1812542 , 270.9856494 , 2454969.3652345 , 0.241365017 , 7.5437975 , 1.598074107
False , K10A00023T , None , 326.0800219 , 192.5118213 , 2458609.4223667 , 0.148584394 , 1.4398245 , 2.320621885
False , K10A00030M , None , 1.9389734 , 74.9013528 , 2455139.6441433 , 0.125344287 , 5.4757304 , 2.430365934
False , K10A00130J , None , 199.2497413 , 177.9508787 , 2459142.0438524 , 0.216434221 , 13.5749202 , 2.462949201
False , K10A00142G , None , 113.5860925 , 323.4726533 , 2459055.4950083 , 0.090682817 , 6.3637175 , 2.141183594
False , K10A00007H , None , 143.5002452 , 291.8235711 , 2455042.2292856 , 0.102967351 , 8.5021625 , 2.472230612
False , K10A00079J , None , 254.8870518 , 311.9286966 , 2458092.8840655 , 0.186726383 , 22.0444592 , 1.91675441
False , K10A00047A , None , 243.069101 , 282.0810778 , 2459185.2976336 , 0.111871598 , 9.4911822 , 2.657991381
False , K10A00074N , None , 347.8787602 , 137.5666666 , 2457970.4129527 , 0.168088018 , 6.3923148 , 2.002847734
False , K10A00036V , None , 27.819545 , 77.6472499 , 2458255.0914615 , 0.13226994 , 4.9254143 , 2.287210886
False , K10A00009O , None , 341.595808 , 129.4771763 , 2458931.8394966 , 0.107916084 , 2.3404786 , 2.660589322
True , K10A00003F , None , 289.9551812 , 285.644921 , 2458670.2063791 , 0.123682108 , 11.825571 , 0.890900681
False , K10A00020P , None , 350.6387058 , 137.4874937 , 2459167.00652 , 0.042280062 , 10.9258901 , 2.938129242
False , K10B00012A , None , 358.9647207 , 270.5912423 , 2458936.0406072 , 0.193281303 , 14.1091494 , 2.250351833
False , K10B00000H , None , 326.6377212 , 310.3090884 , 2455993.3423491 , 0.122672847 , 9.6142884 , 2.592603283
False , K10A00080Q , None , 140.0197518 , 310.2138451 , 2455101.7608424 , 0.217443933 , 32.5615141 , 2.038627468
False , K10A00004G , None , 229.4937352 , 285.6938577 , 2457993.8469804 , 0.170293065 , 3.8708355 , 1.947570052
False , K10A00002E , None , 153.7115468 , 313.5675344 , 2455179.7379341 , 0.270051187 , 10.669496 , 2.168604143
False , K10A00003W , None , 220.0068094 , 322.125588 , 2455356.9876272 , 0.152424732 , 3.7568345 , 1.71582031
False , K10A00143V , None , 132.1636228 , 322.0693434 , 2459065.2182186 , 0.141340505 , 10.9116814 , 2.64427864
False , K10B00006R , None , 203.785329 , 345.9214878 , 2459194.7952737 , 0.100031634 , 12.080118 , 2.776100487
False , K10A00030K , None , 357.7860593 , 83.0257497 , 2459079.3575809 , 0.122276762 , 13.4438154 , 2.753793234
True , K10A00061N , None , 8.6941638 , 116.4194773 , 2458407.1987195 , 0.132299798 , 3.6128551 , 1.003772117
False , K10A00000G , None , 44.5649398 , 89.2934221 , 2459362.5683206 , 0.107739853 , 11.1103587 , 2.760831737
False , K10A00144B , None , 321.0266302 , 99.7183669 , 2458957.2593863 , 0.121717867 , 10.3946032 , 2.739023911
False , K10A00036L , None , 228.3943606 , 279.4304518 , 2458699.6391559 , 0.157689156 , 6.3948997 , 2.359538243
False , K10A00143B , None , 99.3277338 , 78.8845872 , 2455344.2629874 , 0.235245983 , 3.6374252 , 1.856642922
False , K10A00062W , None , 162.9324241 , 262.8302191 , 2459106.2620922 , 0.209461641 , 4.2800586 , 1.866926349
False , K10B00006O , None , 132.0494882 , 100.4199703 , 2459373.3839555 , 0.169607119 , 9.3250102 , 2.564840098
False , K10A00138K , None , 253.0468029 , 340.9767914 , 2459532.6918167 , 0.233191063 , 10.9264365 , 2.436888454
True , K10B00002H , None , 45.7099524 , 108.2423482 , 2459220.954629 , 0.463244169 , 24.6220811 , 1.261283703
False , K10A00038D , None , 295.4553624 , 118.2070198 , 2454870.0846559 , 0.103665526 , 12.8083397 , 2.605196333
False , K10A00053L , None , 230.709604 , 295.2556436 , 2459392.3877727 , 0.231185956 , 12.6646315 , 2.414459746
True , K10A00040G , None , 183.7838725 , 21.5797973 , 2458666.6888085 , 0.608291115 , 2.0304219 , 0.68749936
False , K10A00143S , None , 91.7932364 , 276.4392504 , 2458781.7651866 , 0.233363777 , 14.580878 , 2.392325645
False , K10A00110N , None , 222.3115244 , 284.0513366 , 2459266.4217693 , 0.190149163 , 26.2450808 , 2.592549712
False , K10A00045H , None , 309.4067776 , 303.2728157 , 2458159.8721546 , 0.156310326 , 5.2976048 , 1.909710934
False , K10A00127P , None , 253.3011101 , 163.9640501 , 2458927.788699 , 0.092565185 , 11.3758319 , 2.667843681
False , K10A00072K , None , 256.6023284 , 335.0653117 , 2458108.5031386 , 0.061655219 , 6.5966652 , 2.148872231
False , K10A00019N , None , 348.3663609 , 83.2723189 , 2458989.5505283 , 0.048678191 , 13.0182993 , 2.934374592
False , K10A00060J , None , 249.0369357 , 301.7161709 , 2458467.0205334 , 0.314101869 , 28.2472737 , 1.801167295
False , K10A00110Y , None , 125.7585027 , 136.7519736 , 2457625.1126034 , 0.177428544 , 10.9119003 , 2.61284087
True , K10A00003B , None , 143.216966 , 296.2512493 , 2458422.1931171 , 0.612906123 , 2.2535526 , 1.044603452
False , K10B00001L , None , 87.8278359 , 294.5617874 , 2458994.3865301 , 0.135492592 , 17.5551418 , 2.785128437
False , K10A00100W , None , 322.3581749 , 138.6139947 , 2459334.1512244 , 0.053604536 , 16.1851824 , 2.86652474
False , K10B00005B , None , 94.9076196 , 119.9701117 , 2457707.3707858 , 0.016417837 , 13.7372407 , 3.04585625
False , K10A00010W , None , 266.8196501 , 77.4915858 , 2454697.209996 , 0.130261606 , 8.0797479 , 2.374287237
False , K10A00033C , None , 132.6525066 , 321.26872 , 2458485.1033755 , 0.192837929 , 7.2373483 , 2.234196952
False , K10A00011P , None , 241.4265272 , 67.0639724 , 2459119.4090874 , 0.164376085 , 5.8902382 , 2.162783376
False , K10A00143A , None , 186.9523614 , 11.1488022 , 2458224.198499 , 0.149874515 , 2.2343418 , 2.074255453
False , K10A00047V , None , 304.0609364 , 146.4010461 , 2459220.6878007 , 0.033324226 , 10.959738 , 3.098444989
False , K10A00026O , None , 168.1530997 , 308.5511835 , 2458311.0408279 , 0.116932536 , 12.7001101 , 2.311660308
False , K10A00026R , None , 353.9257388 , 92.4697908 , 2455120.6016923 , 0.173142537 , 7.9325783 , 2.213981563
False , K10A00013T , None , 78.0303201 , 122.7644759 , 2459493.6118322 , 0.083117888 , 11.6428143 , 2.798578347
False , K10A00140M , None , 114.9820174 , 83.2876248 , 2459362.2788922 , 0.064039018 , 6.6584541 , 2.777035122
False , K10A00040T , None , 335.5294834 , 120.9898138 , 2458288.9026374 , 0.197265698 , 5.8178535 , 2.129112613
False , K10A00125O , None , 62.5306493 , 11.1020716 , 2459768.3178351 , 0.090135031 , 28.7264583 , 4.689807594
False , K10A00047Q , None , 53.7153053 , 142.8780493 , 2459453.0405638 , 0.109640296 , 11.6082845 , 2.725389047
False , K10A00098A , None , 30.4293136 , 93.2438022 , 2459002.3426953 , 0.119630877 , 17.9398474 , 2.749069169
False , K10A00013P , None , 131.3091268 , 138.1703908 , 2455801.834276 , 0.118243455 , 3.1717555 , 2.244626211
False , K10A00078O , None , 51.374243 , 110.4169135 , 2458355.6476611 , 0.216232728 , 32.3597368 , 2.020827254
False , K10A00114W , None , 248.6528565 , 264.1222273 , 2457827.2950351 , 0.024621828 , 13.6983923 , 3.04970408
True , K10A00030F , None , 162.8005193 , 62.4314696 , 2458664.639872 , 0.371619479 , 3.0589545 , 0.832413056
False , K10A00010B , None , 200.910356 , 297.144642 , 2459421.4123622 , 0.063562171 , 24.6724893 , 2.967455084
False , K10B00005H , None , 107.3093425 , 348.9751135 , 2458297.0685108 , 0.490811 , 27.2992737 , 1.33731692
False , K10A00028F , None , 160.6394325 , 290.7228134 , 2455171.203471 , 0.082932315 , 17.4960667 , 1.758727757
False , K10A00052R , None , 35.2977574 , 277.2989476 , 2458210.4842241 , 0.011879379 , 10.0914559 , 3.0119161
False , K10A00005Z , None , 262.7326443 , 217.4203988 , 2459086.3745661 , 0.173100127 , 1.3606777 , 1.901918414
False , K10A00022G , None , 42.8547614 , 146.5779757 , 2458073.0825027 , 0.164514831 , 1.8891288 , 1.985623271
False , K10A00013C , None , 226.8686783 , 275.9212121 , 2458053.5424725 , 0.152073692 , 4.8300349 , 2.023146341
False , K10A00001K , None , 10.0296896 , 116.1010901 , 2458309.6190945 , 0.216625477 , 14.2809641 , 2.043629651
False , K10A00008K , None , 169.6282806 , 305.3015574 , 2459371.1419285 , 0.175835696 , 16.3045586 , 2.614848403
False , K10A00099B , None , 308.6469157 , 99.335889 , 2459032.0643207 , 0.144525066 , 9.9191688 , 2.572994253
False , K10A00067S , None , 337.357105 , 95.1483217 , 2459034.8292712 , 0.187845238 , 3.9355661 , 1.889620474
False , K10A00017A , None , 68.7684961 , 96.0195342 , 2459581.1421139 , 0.111006294 , 22.9039302 , 2.807958775
False , K10A00033P , None , 120.8091125 , 331.0298666 , 2455097.7275998 , 0.15123855 , 7.7900249 , 2.36458596
False , K10A00143Q , None , 338.4874097 , 143.6397391 , 2459130.932085 , 0.093263511 , 10.4122317 , 2.787050545
False , K10A00026W , None , 250.795795 , 321.5201136 , 2458110.410963 , 0.113166855 , 5.1358435 , 2.064359123
False , K10A00082B , None , 239.2743532 , 154.8294775 , 2458993.8281168 , 0.120429176 , 10.2855114 , 2.646442156
False , K10A00012Z , None , 81.1739281 , 305.5123903 , 2458799.9432966 , 0.116980404 , 6.5975972 , 2.035992674
False , K10A00072S , None , 126.9305965 , 319.3481212 , 2455084.09036 , 0.217552726 , 11.3641717 , 2.437152237
False , K10B00005E , None , 343.6960932 , 131.1267301 , 2458330.3051692 , 0.14179896 , 5.227074 , 2.282681144
False , K10A00112D , None , 194.67752 , 205.0032655 , 2455210.477363 , 0.126757222 , 15.9619978 , 4.540730256
False , K10A00049Q , None , 89.8311044 , 155.0204747 , 2458279.5764878 , 0.057679571 , 12.6935171 , 3.259493677
False , K10A00006N , None , 273.8220261 , 126.2650808 , 2458860.7530915 , 0.126338873 , 5.8995086 , 2.695122003
True , K10A00003E , None , 289.8215971 , 114.6394322 , 2458940.3847403 , 0.558987821 , 10.3150359 , 0.831767615
False , K10B00012W , None , 37.2168637 , 312.9933636 , 2459024.5998584 , 0.11958891 , 12.2496807 , 2.778909158
False , K10A00101W , None , 30.064433 , 52.0185215 , 2459053.9752805 , 0.129899564 , 12.9135552 , 2.566105111
False , K10A00011C , None , 193.8746588 , 78.6725222 , 2457925.5897175 , 0.103875595 , 9.8425441 , 2.675449021
False , K10A00029K , None , 37.9516329 , 47.9538481 , 2458495.7013057 , 0.058664984 , 2.1106431 , 2.609903623
False , K10A00048R , None , 154.0603989 , 233.1297326 , 2457962.9866783 , 0.119883029 , 5.3244956 , 2.308654193
False , K10A00021K , None , 303.8587164 , 130.5089884 , 2455107.0316686 , 0.170341785 , 3.3974039 , 2.031168806
True , K10B00003C , None , 154.9948266 , 359.2106535 , 2459382.7699321 , 0.654207078 , 4.8430527 , 1.100007798
False , K10A00017F , None , 125.2268715 , 303.787569 , 2457978.2906357 , 0.083615821 , 14.187154 , 2.300892388
False , K10A00007T , None , 243.5464904 , 291.8194593 , 2455362.3831152 , 0.123488847 , 2.9168647 , 1.965547561
False , K10A00060R , None , 61.1573296 , 82.6095153 , 2459476.1511174 , 0.108380689 , 11.9206187 , 2.811205635
False , K10A00040H , None , 190.1630879 , 310.7341507 , 2455236.4615614 , 0.230837234 , 38.5297866 , 1.335929922
False , K10B00004V , None , 184.6547945 , 355.8205533 , 2459151.6691803 , 0.130278273 , 2.6892124 , 1.989018964
False , K10A00026H , None , 84.6821446 , 149.9068744 , 2458268.164214 , 0.131713299 , 2.9726386 , 2.086071181
False , K10A00014L , None , 44.5462392 , 205.3256642 , 2459187.0216449 , 0.15383885 , 0.133235 , 1.869657444
False , K10A00115M , None , 35.6662781 , 318.0298521 , 2458238.4024865 , 0.050482793 , 15.5976211 , 3.012613797
False , K10A00073P , None , 324.0058024 , 48.7600769 , 2457921.5739078 , 0.181649281 , 4.1351464 , 2.082181838
False , K10A00033X , None , 49.9424492 , 335.7978299 , 2458003.8819924 , 0.295053853 , 3.1158344 , 1.830471031
False , K10A00119C , None , 164.3700937 , 329.0958982 , 2458851.0517665 , 0.047378788 , 13.4924561 , 2.90201965
True , K10B00003T , None , 150.0690432 , 308.5281458 , 2458213.3745034 , 0.548957715 , 13.588019 , 1.162721756
True , K10A00030J , None , 350.7071001 , 303.4853983 , 2458550.8870978 , 0.301921461 , 7.5901764 , 0.566627146
False , K10A00143R , None , 20.117964 , 142.0128806 , 2459398.6591829 , 0.007980692 , 22.4551867 , 3.091314395
False , K10A00061X , None , 220.0940313 , 123.7567505 , 2459280.1020162 , 0.168197143 , 4.9635711 , 2.116096594
False , K10A00046R , None , 93.3882215 , 265.3632737 , 2458090.9059684 , 0.040752767 , 5.0939517 , 2.621063233
False , K10A00056P , None , 1.616758 , 53.5327248 , 2458290.3382736 , 0.117345941 , 6.0847726 , 2.393434497
False , K10A00106H , None , 251.7748136 , 328.9559221 , 2459521.5059714 , 0.279747603 , 24.0717945 , 2.303793167
True , K10A00040E , None , 155.4279703 , 294.4967001 , 2458911.7777706 , 0.453868831 , 21.4640848 , 1.018799904
False , K10A00060T , None , 122.366649 , 313.4857051 , 2458927.3651316 , 0.051345635 , 20.2501876 , 1.80302195
False , K10A00051O , None , 320.8034475 , 245.4477816 , 2459012.6926095 , 0.118638042 , 5.4775832 , 1.930297505
False , K10A00037T , None , 135.3552688 , 317.6615912 , 2458410.6506396 , 0.168714279 , 12.7206225 , 2.280635271
False , K10A00055W , None , 305.763481 , 119.4547236 , 2458099.7570678 , 0.255500969 , 6.2974434 , 1.940854039
False , K10A00040L , None , 169.3092468 , 301.5524255 , 2459185.5406069 , 0.16748907 , 16.7445639 , 2.567244826
False , K10A00032N , None , 258.0070859 , 138.9720565 , 2458692.5437444 , 0.133044289 , 9.5331738 , 2.67400628
False , K10A00088O , None , 356.7870181 , 271.4109916 , 2458443.344739 , 0.07886725 , 8.4971392 , 2.813676408
False , K10B00005U , None , 228.6725769 , 330.1929436 , 2459101.5175976 , 0.09632446 , 7.8195737 , 2.019308487
False , K10A00006Y , None , 172.3831137 , 271.3753556 , 2455109.4848869 , 0.176262698 , 3.1239737 , 2.133428575
False , K10A00023E , None , 154.2912664 , 283.1121688 , 2459054.5057559 , 0.149985469 , 6.036163 , 2.003901626
False , K10A00010G , None , 320.525704 , 322.0363468 , 2457960.1441535 , 0.030849516 , 5.6305337 , 2.862829654
False , K10A00018B , None , 159.5887585 , 8.300497 , 2458143.3589426 , 0.115782998 , 1.1404597 , 2.139048615
False , K10A00056Q , None , 96.2047263 , 8.1838812 , 2455205.3587801 , 0.130064603 , 4.1799119 , 2.054319024
False , K10A00035N , None , 249.6980335 , 293.4871253 , 2458441.8226025 , 0.119141177 , 6.2984578 , 2.282142767
False , K10A00027Z , None , 357.4108887 , 292.6054306 , 2458440.8371183 , 0.11306215 , 5.1620853 , 2.054580194
True , K10B00000C , None , 60.5739478 , 120.9911631 , 2458197.8106225 , 0.567315911 , 9.5450766 , 0.834888196
False , K10A00063F , None , 4.5941601 , 127.8336463 , 2459278.0015879 , 0.108852317 , 14.4861049 , 2.767272134
False , K10A00105E , None , 107.198287 , 255.966092 , 2458666.1911971 , 0.222256245 , 6.854613 , 2.253264712
False , K10A00000M , None , 184.8870105 , 261.4180367 , 2458973.3529989 , 0.083608423 , 15.2631336 , 2.750423164
False , K10B00001B , None , 86.7919748 , 338.8229354 , 2458984.3299594 , 0.241693825 , 15.4866438 , 2.34610259
False , K10A00024S , None , 215.4687977 , 107.5837422 , 2459420.3246345 , 0.038709115 , 7.1463099 , 2.635676213
False , K10A00141V , None , 30.3134205 , 80.869763 , 2459383.6389339 , 0.389347097 , 24.7795697 , 1.926607846
False , K10B00003P , None , 74.6523104 , 93.3301253 , 2455409.6747952 , 0.159082349 , 10.2937154 , 2.00310441
False , K10A00010U , None , 142.6549736 , 24.1674798 , 2455407.6184926 , 0.058677153 , 3.6266699 , 2.272202233
False , K10A00032X , None , 204.3809052 , 304.3962502 , 2458621.499711 , 0.189362065 , 29.1838071 , 2.225757269
False , K10A00036W , None , 249.7968498 , 122.9658614 , 2458024.1494781 , 0.158110478 , 25.7777012 , 2.294237637
False , K10A00015L , None , 117.0728901 , 309.5268476 , 2458875.1042935 , 0.09973447 , 8.9178233 , 2.722152678
False , K10A00026C , None , 95.5755924 , 112.648136 , 2458569.5822178 , 0.032735259 , 4.4008219 , 2.503372701
False , K10A00019F , None , 239.6868861 , 123.1432067 , 2458299.1492748 , 0.072476731 , 3.0740488 , 2.698280266
False , K10A00022M , None , 321.3127956 , 142.6596486 , 2458283.4400602 , 0.169950369 , 1.9191512 , 2.191367915
False , K10B00001T , None , 50.1339238 , 125.9809292 , 2458359.4808339 , 0.114202933 , 3.9060231 , 2.265781664
False , K10A00036T , None , 99.9650216 , 90.6346041 , 2459607.9018001 , 0.074970928 , 5.5875528 , 2.926373748
False , K10A00112L , None , 275.830604 , 275.8383753 , 2458088.7720318 , 0.038464875 , 13.2558005 , 3.034184903
False , K10A00047U , None , 241.6516187 , 179.8228213 , 2458156.9329492 , 0.188191115 , 3.7092139 , 2.143839243
False , K10A00014B , None , 59.9031119 , 120.5279807 , 2458517.6477532 , 0.152308869 , 12.1329193 , 2.225581002
False , K10A00052U , None , 33.525763 , 141.6872045 , 2459589.3659776 , 0.184123003 , 11.361903 , 2.592736221
False , K10A00153W , None , 10.1588381 , 131.817414 , 2456997.1435862 , 0.53617282 , 28.6601113 , 20.1481736
False , K10B00002W , None , 312.8312965 , 111.6230649 , 2459044.543983 , 0.11444245 , 23.8641958 , 1.723513246
False , K10A00024H , None , 224.0867095 , 106.0761836 , 2459346.7037415 , 0.036584956 , 6.9115375 , 2.590157986
False , K10A00123Z , None , 205.9853914 , 248.1150888 , 2455400.187812 , 0.178121914 , 15.7821138 , 2.63267143
False , K10A00016K , None , 134.9552241 , 36.1045888 , 2459059.9299783 , 0.159334211 , 4.7625047 , 2.442289034
False , K10A00143G , None , 184.8505165 , 114.0392001 , 2458364.5865199 , 0.117704425 , 9.7449105 , 2.822266098
False , K10A00021U , None , 289.0852191 , 287.7120268 , 2458046.1544126 , 0.159018018 , 5.640701 , 1.941988793
False , K10A00038T , None , 293.496998 , 190.1266529 , 2458265.9076362 , 0.171466392 , 4.0064344 , 2.15327148
False , K10B00015D , None , 233.5149035 , 194.5483047 , 2460208.0042144 , 0.466611705 , 5.3077186 , 3.024797413
False , K10A00048W , None , 6.9435918 , 132.1084136 , 2458714.6266465 , 0.461142055 , 11.1215703 , 1.524268533
False , K10A00142C , None , 315.5262032 , 103.9984702 , 2459182.5588685 , 0.16466623 , 3.0763421 , 2.035399335
False , K10A00058P , None , 48.6312435 , 101.8913703 , 2458495.3385108 , 0.112696737 , 5.0434289 , 2.342446605
False , K10A00044V , None , 254.2984641 , 100.4551039 , 2458685.381421 , 0.207228689 , 15.1494513 , 2.448658551
False , K10A00049Y , None , 228.6673815 , 210.2273594 , 2458156.8464802 , 0.211758255 , 3.8780281 , 2.05695766
False , K10A00032P , None , 197.1009756 , 307.3974783 , 2459146.2692071 , 0.163581991 , 5.4589023 , 1.951507965
False , K10A00142R , None , 161.1847038 , 311.0101861 , 2457990.0125912 , 0.068094931 , 6.2986328 , 2.276023118
False , K10A00141W , None , 147.4031004 , 299.7776809 , 2459187.2999297 , 0.1340144 , 1.7851733 , 2.076406974
False , K10B00004R , None , 350.3216273 , 315.5151649 , 2458062.0295168 , 0.054473857 , 9.0001698 , 2.872208147
False , K10A00142A , None , 275.2166135 , 237.1206348 , 2458122.5866001 , 0.140082156 , 1.585617 , 2.121078761
False , K10A00031S , None , 88.3808756 , 126.3248935 , 2459120.4639525 , 0.162878931 , 7.9426072 , 1.883579783
True , K10B00000Q , None , 148.5251269 , 302.8181239 , 2459086.593047 , 0.546953492 , 37.0481114 , 1.056281718
False , K10A00020N , None , 359.7269484 , 170.9972676 , 2459217.8036729 , 0.163425494 , 3.4929761 , 1.94097033
False , K10A00062V , None , 282.8036028 , 265.2925769 , 2459421.5886434 , 0.306622658 , 14.3682567 , 2.117003085
False , K10A00086B , None , 202.149511 , 39.7776857 , 2458431.2186509 , 0.184909395 , 15.0340705 , 3.214026171
False , K10A00010M , None , 65.8050406 , 79.869388 , 2455355.2193528 , 0.139625048 , 7.5679916 , 2.549371364
False , K10A00037N , None , 108.7433044 , 338.3409468 , 2458973.4734586 , 0.158328298 , 4.498859 , 2.585922096
True , K10A00030L , None , 97.7501625 , 112.3648247 , 2458794.1528416 , 0.307636473 , 3.8305987 , 0.724301768
False , K10A00041M , None , 204.7893091 , 290.2819683 , 2458883.1993411 , 0.339555996 , 15.493808 , 1.924792623
False , K10A00120Z , None , 207.4484978 , 144.6474805 , 2459099.7984364 , 0.202956329 , 17.2134496 , 2.527878989
False , K10A00029F , None , 154.9661926 , 297.3159631 , 2455139.2862324 , 0.204072975 , 8.3966951 , 3.183696255
False , K10A00141G , None , 271.927575 , 92.5103615 , 2458681.7495979 , 0.136162943 , 6.707494 , 1.954712875
False , K10A00070D , None , 310.5483336 , 123.6952538 , 2458249.750717 , 0.058044443 , 22.5882768 , 2.522606443
False , K10A00021R , None , 49.9227 , 128.7160243 , 2458452.4725674 , 0.123030478 , 12.4225937 , 2.274448834
True , K10A00002O , None , 323.5802426 , 289.9525594 , 2458671.2078407 , 0.337942167 , 19.5848392 , 0.670139093
False , K10A00019E , None , 30.2093176 , 294.4180707 , 2457812.090458 , 0.098159743 , 10.4580242 , 2.447296594
False , K10A00039K , None , 142.82986 , 306.5575706 , 2458799.8259048 , 0.166804982 , 1.199422 , 1.853255479
False , K10A00015B , None , 100.0215661 , 338.4573411 , 2458255.0348707 , 0.095975747 , 4.4454399 , 2.3944353
False , K10A00025P , None , 341.5546527 , 107.7539042 , 2455109.0081447 , 0.12633662 , 2.7163169 , 2.028880352
False , K10A00049J , None , 304.0199978 , 148.4674775 , 2459194.849579 , 0.21308462 , 10.258511 , 2.484820065
False , K10A00051S , None , 287.2100852 , 263.4547623 , 2459317.221949 , 0.175772941 , 8.8790954 , 2.482266592
True , K10A00030E , None , 278.1303112 , 279.4952983 , 2458401.1894771 , 0.417055727 , 5.9818472 , 0.73837333
False , K10A00017N , None , 57.3757794 , 62.2807463 , 2459300.8799895 , 0.137610125 , 2.0774142 , 2.696272906
False , K10A00105Z , None , 292.9955243 , 347.0922536 , 2459373.6205308 , 0.15716703 , 13.8768647 , 2.501199269
False , K10A00060E , None , 40.7091398 , 322.6245923 , 2457901.9720842 , 0.303643263 , 12.2540396 , 1.779829539
False , K10A00010S , None , 61.8012529 , 86.7903186 , 2455327.025721 , 0.180231932 , 10.7634907 , 2.14467824
False , K10A00141Y , None , 88.2876341 , 291.4293383 , 2458827.9381911 , 0.28210284 , 14.4395463 , 2.236283614
False , K10A00076G , None , 22.5530709 , 124.7208568 , 2458418.2779893 , 0.118553705 , 14.1493592 , 2.313913617
False , K10A00143F , None , 339.9842348 , 261.672679 , 2458568.7011387 , 0.175541944 , 5.4712963 , 2.101178614
False , K10A00001Q , None , 121.005039 , 300.8432284 , 2458246.3052422 , 0.12984328 , 20.9015787 , 2.36441769
True , K10A00002K , None , 309.6108849 , 291.2522061 , 2458808.1400972 , 0.714326543 , 45.1525948 , 0.613831099
False , K10A00070B , None , 299.6689223 , 142.0873771 , 2459143.0446231 , 0.063171226 , 11.166173 , 2.958925321
False , K10A00080S , None , 162.3358636 , 308.7229938 , 2455187.35634 , 0.117302098 , 8.0746793 , 2.277465597
False , K10A00024W , None , 210.4024307 , 319.8255826 , 2458473.8086172 , 0.221776845 , 11.5000769 , 2.059669212
False , K10A00078N , None , 159.1610317 , 318.3754391 , 2458506.812824 , 0.25896263 , 7.9257321 , 2.024353254
False , K10B00001R , None , 335.7712289 , 128.5561031 , 2459131.5842113 , 0.199227607 , 3.5772754 , 2.490083813
False , K10A00011D , None , 65.1433211 , 74.9062275 , 2455288.8854547 , 0.133148286 , 5.8072435 , 1.960362453
False , K10A00040W , None , 255.6033132 , 310.1835401 , 2457704.7889836 , 0.075578265 , 10.9169639 , 2.954087148
False , K10A00078M , None , 347.4111519 , 111.7120427 , 2458202.1159319 , 0.257812988 , 11.0729269 , 1.936085436
False , K10A00129R , None , 115.6557578 , 36.5511291 , 2459237.0477717 , 0.230639465 , 11.8112871 , 2.438388853
False , K10A00056Z , None , 181.3413928 , 306.8097195 , 2459343.9798078 , 0.181816859 , 12.6040025 , 2.557693851
False , K10A00109P , None , 26.5537736 , 55.5780828 , 2458649.356769 , 0.20589095 , 8.6982236 , 2.190696183
False , K10A00044N , None , 136.0055296 , 253.2469306 , 2458563.4570278 , 0.146269581 , 5.7374626 , 2.555493859
False , K10A00101D , None , 171.5417382 , 180.1631133 , 2459149.5545897 , 0.273686344 , 15.5459088 , 2.310362051
False , K10A00073M , None , 280.5200053 , 295.4054027 , 2457676.874829 , 0.159119066 , 15.0456799 , 2.643769474
False , K10A00102R , None , 33.0278945 , 317.871885 , 2459006.3358855 , 0.058368562 , 13.3706006 , 4.869570593
False , K10B00014K , None , 47.7029681 , 264.2333384 , 2458544.9903979 , 0.038794089 , 32.2736191 , 4.984491079
False , K10A00033A , None , 63.1755958 , 340.2419458 , 2458607.518419 , 0.139782843 , 4.3210591 , 1.902709948
False , K10A00017T , None , 20.1648808 , 304.0095216 , 2458339.3525515 , 0.035543811 , 5.238259 , 2.13238572
False , K10A00029G , None , 210.8930192 , 101.9968295 , 2454559.3253362 , 0.09780068 , 25.5932596 , 2.396199314
False , K10A00076B , None , 347.4042726 , 125.9862048 , 2459224.8409678 , 0.336937316 , 34.5108817 , 2.079339918
False , K10A00044J , None , 229.7846755 , 309.4996723 , 2459234.7421198 , 0.287411158 , 17.0242522 , 2.161993262
False , K10A00021W , None , 18.0954262 , 123.8532344 , 2459208.7519747 , 0.389864027 , 12.2285376 , 1.880724736
False , K10A00047R , None , 131.5988416 , 284.0960799 , 2457946.2756608 , 0.170789876 , 10.7003511 , 2.098099408
False , K10A00014S , None , 60.0587356 , 92.4513896 , 2455424.0934965 , 0.056578571 , 15.0244308 , 2.82151557
False , K10A00035G , None , 358.6351966 , 297.8057857 , 2458882.8067489 , 0.085850874 , 11.1355681 , 2.338321164
False , K10A00079T , None , 25.3217996 , 142.0980986 , 2458385.4246929 , 0.187965949 , 14.2882986 , 2.113772432
False , K10A00007G , None , 75.8416938 , 134.0739697 , 2455599.2505682 , 0.103476829 , 3.1188761 , 2.581913093
False , K10A00058A , None , 241.0677243 , 78.8107166 , 2458235.9602989 , 0.101935194 , 11.4058387 , 2.690288392
False , K10A00068H , None , 336.1555492 , 88.8519445 , 2459318.5147892 , 0.242882492 , 16.304104 , 2.414265866
False , K10A00035L , None , 284.8300232 , 133.7985327 , 2454959.3043672 , 0.068091101 , 16.3042333 , 2.334746866
False , K10A00078G , None , 323.6209448 , 131.7134968 , 2459080.7713525 , 0.132996076 , 22.2785708 , 2.031067298
True , K10A00060N , None , 123.55756 , 297.4262 , 2458274.81962 , 0.574340588 , 4.5587787 , 0.851665092
False , K10A00028D , None , 305.5155503 , 91.2201203 , 2458020.2786922 , 0.19675568 , 9.7624653 , 2.069499818
True , K10A00060L , None , 339.6020357 , 108.1778607 , 2458674.7141574 , 0.160610505 , 16.15619 , 1.031704565
False , K10A00117W , None , 184.0919013 , 123.1389666 , 2457969.2141764 , 0.169083698 , 25.429508 , 2.698891637
False , K10A00009V , None , 305.9701903 , 279.0367095 , 2457680.5383059 , 0.11180305 , 0.6814254 , 2.74050902
False , K10A00057V , None , 126.3092142 , 318.9626149 , 2459310.2942583 , 0.198049517 , 9.7420821 , 2.566998979
False , K10A00142M , None , 309.7976299 , 97.2037912 , 2454927.5456509 , 0.056104312 , 8.4301201 , 2.59223729
False , K10A00016T , None , 50.2700931 , 81.8912326 , 2459251.9559853 , 0.076261364 , 11.3948127 , 2.838381
False , K10B00012Q , None , 326.6592678 , 47.1542057 , 2458836.9503481 , 0.112950353 , 16.129343 , 2.653170891
False , K10A00018S , None , 163.0394 , 269.8850809 , 2457998.6253252 , 0.227054128 , 8.6786037 , 1.953490223
False , K10A00009Z , None , 267.7717188 , 45.9959572 , 2458685.3441716 , 0.077026938 , 9.7901853 , 2.93930172
False , K10A00043A , None , 137.0219439 , 315.2606322 , 2459216.8898975 , 0.075761586 , 9.506349 , 2.915541444
False , K10A00011G , None , 127.0400951 , 317.3377033 , 2458983.9740245 , 0.096538666 , 8.3342241 , 2.751749822
False , K10A00044W , None , 17.1786626 , 99.7991844 , 2459169.3604605 , 0.164813454 , 12.7686757 , 2.56138999
False , K10A00077S , None , 299.0180589 , 267.676954 , 2458881.1369141 , 0.269908125 , 3.8899301 , 1.313046905
True , K10A00060M , None , 335.7586502 , 113.9802603 , 2457928.8795297 , 0.570353888 , 11.214264 , 1.03680323
False , K10A00002C , None , 147.9660167 , 277.4209622 , 2459206.9787735 , 0.249281573 , 13.7801803 , 2.383662691
False , K10A00130D , None , 231.5062338 , 156.4536987 , 2459277.6544991 , 0.291206031 , 14.8872162 , 2.263345207
False , K10A00096C , None , 190.2079957 , 239.9275798 , 2459407.9641445 , 0.199893082 , 9.6843496 , 2.52280846
False , K10A00096W , None , 109.1586798 , 84.3269439 , 2459281.1351807 , 0.182783181 , 27.1785896 , 2.53614964
False , K10A00054R , None , 136.3225282 , 322.9125474 , 2458872.9184143 , 0.136547046 , 17.6968135 , 2.596435408
False , K10A00049S , None , 135.7438003 , 238.9003785 , 2457949.6694288 , 0.017668229 , 4.8797804 , 2.651078051
False , K10A00069A , None , 133.1440637 , 311.1224947 , 2459155.4100873 , 0.215255027 , 16.2051332 , 2.455010314
False , K10A00029E , None , 322.1502095 , 97.192085 , 2458082.0955714 , 0.15149704 , 9.9815821 , 2.18634801
False , K10A00113L , None , 356.4818787 , 110.6935859 , 2459491.6548746 , 0.091201521 , 19.006607 , 2.815107514
False , K10A00014D , None , 207.7171862 , 126.5549713 , 2458521.435878 , 0.130421048 , 5.993594 , 2.745803488
False , K10A00037U , None , 20.3222307 , 112.2324295 , 2458346.6924376 , 0.169780479 , 5.9775745 , 2.188529945
False , K10A00045X , None , 50.7688124 , 119.7619786 , 2459190.1902195 , 0.155735632 , 10.9714615 , 2.519904455
False , K10A00041O , None , 237.9982156 , 289.2854297 , 2459306.5760942 , 0.115963011 , 9.4890093 , 2.695284307
False , K10A00017C , None , 294.0579406 , 293.1432952 , 2457775.6525003 , 0.037154805 , 14.0987406 , 3.02246085
False , K10A00033T , None , 149.5616772 , 330.0882516 , 2459023.9600017 , 0.127867063 , 6.4616532 , 2.006003997
False , K10A00142V , None , 110.4138588 , 323.5049398 , 2459068.5186748 , 0.069760719 , 8.1595239 , 2.939226609
False , K10A00057F , None , 218.1377862 , 104.4156915 , 2458255.3613529 , 0.068523064 , 10.8588916 , 2.785007611
False , K10A00141D , None , 245.1177923 , 277.9118298 , 2458071.7757287 , 0.12861416 , 1.8062818 , 2.118304598
False , K10A00044X , None , 70.896647 , 306.8221638 , 2457972.3479548 , 0.199417153 , 3.8240362 , 2.073983031
False , K10A00027J , None , 351.4729715 , 135.3697204 , 2459193.7201027 , 0.22343425 , 25.2429317 , 2.414656553
False , K10A00026D , None , 27.8974067 , 112.7756209 , 2459436.9047101 , 0.237292871 , 7.2074802 , 2.441563282
False , K10A00068F , None , 357.4784989 , 96.793205 , 2458949.6161302 , 0.153154413 , 6.363584 , 1.915475901
False , K10A00126Q , None , 151.2397003 , 278.2095544 , 2457614.0106228 , 0.069037393 , 8.7749309 , 3.154646118
False , K10B00004L , None , 253.358511 , 227.0773126 , 2455041.66775 , 0.53804553 , 20.780365 , 8.621117056
False , K10A00023N , None , 103.9294121 , 294.8090124 , 2458024.4558442 , 0.189079466 , 12.0539106 , 2.121736203
False , K10A00011B , None , 142.6628959 , 310.0424568 , 2459167.8754749 , 0.103562332 , 10.6459323 , 2.797535854
False , K10A00112B , None , 9.7187282 , 74.4495029 , 2459409.333766 , 0.231697051 , 11.8740378 , 2.410508276
False , K10A00022R , None , 186.7537943 , 295.4570107 , 2458372.0229123 , 0.100994314 , 5.5710959 , 2.391853067
False , K10A00091T , None , 352.1294755 , 153.7992279 , 2459132.6821805 , 0.137049612 , 28.8177062 , 2.706913462
False , K10A00112T , None , 306.907039 , 344.1370994 , 2457908.6790716 , 0.142353106 , 9.8136651 , 2.267618309
False , K10A00055J , None , 27.3691795 , 355.5548916 , 2457971.5582128 , 0.046134601 , 5.8115061 , 2.586854788
False , K10A00015Y , None , 58.1632733 , 16.9507017 , 2458123.9402267 , 0.176921095 , 4.7621921 , 2.115602078
False , K10A00016Y , None , 47.9207556 , 94.2323783 , 2459246.0590888 , 0.209538362 , 14.7332568 , 2.424121527
False , K10A00004X , None , 303.6521024 , 91.0095259 , 2459228.9643953 , 0.225998402 , 28.4481579 , 2.505475813
False , K10A00133Z , None , 301.3680749 , 193.8338241 , 2458913.1271367 , 0.154669443 , 4.3330242 , 2.578013467
False , K10A00009S , None , 35.5075906 , 149.9677073 , 2459479.5166573 , 0.120000789 , 0.6646043 , 2.726500749
False , K10A00144A , None , 329.2708339 , 119.6976593 , 2458167.5352697 , 0.072410737 , 22.8132618 , 2.425315614
False , K10B00003F , None , 214.8245041 , 296.9087931 , 2459378.6589068 , 0.174329592 , 15.7017818 , 2.573307769
False , K10A00039D , None , 318.5344805 , 269.322254 , 2457960.4334817 , 0.040287325 , 9.254355 , 3.000455767
False , K10A00019T , None , 271.3136445 , 169.327558 , 2459067.4385428 , 0.18378519 , 2.1005206 , 1.920176904
True , K10A00000L , None , 34.1711524 , 110.433633 , 2458611.78605 , 0.397209684 , 9.4406036 , 1.053910587
False , K10A00030Q , None , 210.896467 , 290.9778914 , 2458940.5710233 , 0.083674524 , 6.5626527 , 2.05628869
False , K10A00052G , None , 90.8335397 , 274.8776994 , 2459263.53534 , 0.196858401 , 10.3546804 , 2.034072995
False , K10A00064S , None , 70.0313611 , 114.2771375 , 2455392.7773295 , 0.135180538 , 13.4817786 , 2.247029159
False , K10A00016S , None , 38.3161479 , 32.6911007 , 2458131.4182967 , 0.062919943 , 4.6657834 , 2.438054927
False , K10A00058Y , None , 53.4643654 , 124.9278211 , 2459631.8692883 , 0.575705732 , 23.8919984 , 1.39469982
False , K10A00090C , None , 7.8086926 , 310.900091 , 2458618.4905998 , 0.026574247 , 14.3203788 , 2.936161731
False , K10A00001C , None , 289.5903643 , 115.4214738 , 2455051.2496228 , 0.215578524 , 4.8050037 , 2.149714242
False , K10A00097Z , None , 84.0456779 , 84.8995123 , 2459344.3041003 , 0.267489798 , 26.4939935 , 2.328914798
True , K10A00002N , None , 270.7789045 , 291.223613 , 2458469.3893804 , 0.499636182 , 8.4673327 , 0.840271144
False , K10A00044G , None , 350.4798669 , 85.2354258 , 2458043.0677139 , 0.162137731 , 5.3116804 , 2.140524669
False , K10A00036A , None , 178.2773082 , 272.056451 , 2455107.9591297 , 0.099912694 , 6.1748981 , 2.07392548
False , K10A00008J , None , 127.9271637 , 324.4561854 , 2459018.7577483 , 0.119235702 , 5.2156789 , 2.036977813
False , K10A00012R , None , 141.2223354 , 123.3194538 , 2457899.6199866 , 0.05688284 , 13.3469746 , 2.877990422
False , K10A00020L , None , 137.9239843 , 275.5022065 , 2458829.7234072 , 0.028342174 , 8.9234423 , 3.009030212
False , K10A00007O , None , 98.3089265 , 117.7290037 , 2458448.2926171 , 0.059291962 , 24.6221375 , 1.83608793
False , K10A00006U , None , 336.9333438 , 294.7328871 , 2455978.5286471 , 0.156994041 , 10.0427513 , 2.571789219
False , K10A00039B , None , 159.1176222 , 201.9241312 , 2458904.2554705 , 0.196913986 , 17.2240917 , 2.458533159
False , K10A00143D , None , 165.094442 , 292.9966341 , 2459148.5383413 , 0.101825352 , 8.8994036 , 2.82974181
False , K10A00000Z , None , 61.5693387 , 94.4571873 , 2455361.817008 , 0.182696123 , 12.279098 , 1.946004663
False , K10A00030D , None , 293.0756047 , 63.394055 , 2459069.6254964 , 0.080464282 , 35.2095714 , 4.802707771
False , K10A00039F , None , 178.5556879 , 300.1728203 , 2459067.2420956 , 0.208693141 , 16.0196726 , 2.379811868
False , K10A00027N , None , 194.8390124 , 312.8661601 , 2459138.3782601 , 0.150120846 , 4.4829709 , 1.959733154
False , K10A00057T , None , 177.5242989 , 272.4042985 , 2458814.0650226 , 0.142510183 , 11.5820932 , 2.496880404
False , K10A00007B , None , 118.4675244 , 122.6597995 , 2455835.7017346 , 0.094904501 , 14.1460277 , 2.823190648
True , K10A00002L , None , 20.771309 , 106.0874207 , 2458616.3483717 , 0.430400749 , 7.5096662 , 0.999063101
False , K10A00022L , None , 219.7150803 , 129.6986349 , 2457897.2166077 , 0.190702267 , 13.540957 , 2.175397535
False , K10A00013Z , None , 88.9380673 , 284.0708896 , 2457954.3277098 , 0.111446656 , 2.0986228 , 2.357295836
False , K10A00000H , None , 178.5897887 , 294.356 , 2458594.6080583 , 0.518375468 , 12.1109716 , 1.337665447
False , K10A00035M , None , 162.061548 , 300.0139954 , 2459038.5564974 , 0.14896999 , 15.5298659 , 2.617320621
False , K10A00042L , None , 127.1191 , 312.2859752 , 2459006.9634494 , 0.141113386 , 11.1126837 , 2.632919351
False , K10B00004U , None , 126.2579514 , 322.6280062 , 2458976.7466494 , 0.14505002 , 10.9371686 , 2.622245892
False , K10B00004T , None , 176.8210504 , 278.8428902 , 2459240.1045958 , 0.148015708 , 22.7654958 , 2.65696297
False , K10A00029Q , None , 0.6884247 , 246.2847666 , 2458369.5389428 , 0.178743362 , 1.2458576 , 2.002611665
False , K10A00099N , None , 4.4637536 , 311.102982 , 2458807.56069 , 0.107791624 , 15.4054517 , 2.785484614
False , K10B00011A , None , 100.619702 , 331.0235353 , 2459194.4994971 , 0.11447279 , 8.5052731 , 2.699461215
False , K10A00061V , None , 154.5740161 , 305.4998482 , 2458256.5022955 , 0.23120304 , 13.5961878 , 2.030301669
False , K10A00038O , None , 149.7825324 , 280.9539894 , 2459185.3460378 , 0.21395671 , 9.4972206 , 2.463052963
False , K10A00022W , None , 276.305143 , 297.6644706 , 2455487.3322053 , 0.140436805 , 10.2741708 , 2.075900635
False , K10A00114U , None , 110.4478375 , 196.5774967 , 2458825.4898583 , 0.349981243 , 15.6352414 , 2.002885451
False , K10A00141H , None , 77.5663747 , 55.4713427 , 2458894.6951343 , 0.095470192 , 4.0618845 , 1.993780437
False , K10A00030T , None , 7.7946686 , 87.8213098 , 2459193.2555378 , 0.134532349 , 8.777641 , 2.677184049
False , K10A00110G , None , 199.4367299 , 354.973845 , 2459107.5053411 , 0.143316653 , 13.957183 , 2.588395479
False , K10A00005E , None , 208.8649704 , 275.4482603 , 2459306.6039118 , 0.038803843 , 7.8628045 , 2.957056735
False , K10A00111F , None , 237.7517088 , 322.9832299 , 2459402.9103355 , 0.195858441 , 24.9637389 , 2.547564858
False , K10A00125K , None , 165.5946746 , 247.8441367 , 2455221.9344618 , 0.184831103 , 15.2137784 , 2.525408535
True , K10A00079G , None , 13.8422854 , 50.1692183 , 2458799.7825426 , 0.580929306 , 33.0022778 , 1.215282124
False , K10A00077K , None , 131.9111064 , 305.8340327 , 2459089.3929201 , 0.121988266 , 13.4396444 , 2.085635759
False , K10A00141T , None , 147.9573806 , 290.1974253 , 2455114.3722837 , 0.205679124 , 7.1219933 , 2.171596177
False , K10A00143W , None , 334.780352 , 64.8797618 , 2458158.2249715 , 0.121499593 , 5.8142003 , 2.371767363
True , K10B00003B , None , 347.303353 , 141.7247407 , 2458685.0759859 , 0.183839718 , 10.8932988 , 1.250836561
False , K10A00078T , None , 80.6454688 , 73.8831789 , 2459160.4144915 , 0.21666157 , 8.4085126 , 2.353295244
False , K10A00051R , None , 71.2049832 , 227.7356726 , 2459362.9929341 , 0.015219772 , 5.0286821 , 2.698363852
False , K10A00001H , None , 314.8863479 , 116.2807554 , 2458099.9040159 , 0.144040318 , 13.8692546 , 2.214504913
False , K10A00068M , None , 340.3447622 , 110.1091394 , 2458168.3358388 , 0.276708235 , 5.6789685 , 1.856724868
True , K10A00000F , None , 242.8519678 , 105.2412226 , 2458567.8292123 , 0.297760917 , 23.6096343 , 0.675644252
False , K10A00072B , None , 296.2403075 , 93.275803 , 2458961.5395812 , 0.102523234 , 10.4460661 , 2.804579803
True , K10B00002G , None , 238.8123075 , 128.1873972 , 2457461.3319403 , 0.90726195 , 42.8823018 , 0.315803862
False , K10A00072D , None , 117.2372264 , 250.9075718 , 2457913.3672866 , 0.210062707 , 0.5931894 , 2.007524372
False , K10A00058Z , None , 188.9910457 , 259.1411212 , 2459206.6754525 , 0.318906652 , 32.23295 , 2.10689807
False , K10A00084D , None , 146.2241384 , 295.527817 , 2457879.275087 , 0.063591869 , 22.6417577 , 2.414753231
False , K10A00140E , None , 316.358766 , 210.9745451 , 2458622.3476943 , 0.12531073 , 3.4726652 , 2.357243843
True , K10A00003G , None , 31.4672282 , 109.5989029 , 2458750.272817 , 0.281285585 , 2.4672357 , 0.986465766
True , K10A00003H , None , 325.7016156 , 100.7042822 , 2458306.3948961 , 0.426242586 , 2.0057763 , 0.954905607
False , K10A00051X , None , 226.5774051 , 232.9979034 , 2458399.9080099 , 0.094680088 , 4.445538 , 2.450201321
False , K10B00002E , None , 26.3766867 , 125.0594154 , 2458024.9207261 , 0.126741399 , 3.0357023 , 2.108170487
False , K10A00027Q , None , 298.3893997 , 96.7861307 , 2458158.0060399 , 0.092799028 , 5.772826 , 2.459087044
False , K10A00054J , None , 206.7880403 , 214.488789 , 2458006.8941754 , 0.246620703 , 4.0994937 , 1.926613144
False , K10B00014N , None , 55.6977365 , 126.4618446 , 2459298.8491052 , 0.164536106 , 20.1738872 , 2.636944105
False , K10A00043U , None , 346.3199395 , 123.3450543 , 2459273.8801747 , 0.241653355 , 30.8148906 , 2.399660849
False , K10A00024E , None , 213.8340432 , 311.1675828 , 2459202.9040742 , 0.259134041 , 13.4442318 , 2.252070284
False , K10A00082H , None , 50.9957332 , 37.5601402 , 2459506.6054809 , 0.260950927 , 13.9785611 , 2.34418866
False , K10A00032A , None , 116.3649169 , 298.3892717 , 2458520.7485651 , 0.092072845 , 5.0087971 , 2.666694196
False , K10A00099Y , None , 85.0746729 , 108.6646234 , 2459383.2347526 , 0.209050687 , 14.974969 , 2.504621515
False , K10A00050L , None , 297.1810235 , 139.5249578 , 2458459.9723703 , 0.390516372 , 10.851546 , 1.681442788
False , K10A00034O , None , 14.6131656 , 138.2257851 , 2459184.4129589 , 0.091307497 , 10.4339487 , 2.757123043
False , K10A00008N , None , 108.1648603 , 297.6880678 , 2458129.2490066 , 0.272504634 , 11.0871795 , 1.899127479
False , K10A00059X , None , 40.1484803 , 100.5477726 , 2458239.2335624 , 0.194897585 , 13.6944865 , 2.061636568
False , K10B00014G , None , 330.5625402 , 338.5865755 , 2458485.3452048 , 0.110941623 , 12.4152117 , 2.636908186
False , K10A00069S , None , 37.6142713 , 49.0410179 , 2458980.5431474 , 0.12197537 , 6.4666009 , 2.027285551
False , K10A00038R , None , 302.1093742 , 88.9754398 , 2458795.8010134 , 0.129552152 , 11.1453254 , 2.636869925
False , K10A00105J , None , 203.2327316 , 263.4837107 , 2459584.1594039 , 0.037064429 , 10.4626653 , 3.010781492
False , K10A00009W , None , 67.1808137 , 301.4497309 , 2457897.6466359 , 0.10429161 , 10.0393055 , 2.363589122
False , K10A00048C , None , 287.3924188 , 272.205148 , 2458840.5160893 , 0.139867666 , 6.5881766 , 2.37516662
False , K10A00090Z , None , 232.8320198 , 270.1478256 , 2459081.2254562 , 0.149603208 , 25.7522857 , 2.640085971
False , K10A00009P , None , 210.4435901 , 296.3566795 , 2458477.7254931 , 0.11597849 , 11.7932534 , 2.35398896
False , K10A00139T , None , 321.8245478 , 100.57519 , 2458944.0843059 , 0.169051804 , 2.2439675 , 1.928823168
False , K10A00001L , None , 14.6153423 , 114.2482314 , 2458851.61917 , 0.060241897 , 5.5178913 , 2.080101298
False , K10A00075Q , None , 274.3499919 , 123.4061741 , 2458163.1578232 , 0.372116654 , 28.7271039 , 1.64922423
False , K10B00009F , None , 63.8446434 , 79.1288048 , 2459040.2404501 , 0.059815761 , 17.7480527 , 2.936253797
False , K10B00000V , None , 297.5366863 , 314.1265589 , 2458630.9300014 , 0.162043258 , 6.129321 , 2.11972382
False , K10A00036J , None , 269.3223426 , 167.0136504 , 2457968.684543 , 0.142485623 , 4.3775419 , 2.15922923
False , K10A00141O , None , 116.6648189 , 291.8229814 , 2459275.7145688 , 0.171279045 , 0.6452616 , 2.03179413
False , K10A00022V , None , 334.5860056 , 129.796505 , 2458887.0305622 , 0.178850897 , 6.8294422 , 2.444920621
False , K10A00062L , None , 292.7203412 , 294.738899 , 2458355.7101765 , 0.143765006 , 5.1553777 , 2.072192045
False , K10B00013T , None , 184.6970138 , 172.1609925 , 2458688.8724358 , 0.062815833 , 10.1546075 , 2.776280385
False , K10B00010D , None , 352.5258516 , 113.9500089 , 2458905.3248545 , 0.166849471 , 23.7064903 , 2.6015966
False , K10A00092Y , None , 78.8923783 , 292.9271505 , 2459170.1162969 , 0.069588184 , 9.558876 , 4.724899956
False , K10A00127S , None , 344.8039108 , 54.2579968 , 2459316.5333771 , 0.208224866 , 28.9353886 , 2.524180971
False , K10B00005V , None , 247.0059361 , 162.4168092 , 2458413.8396348 , 0.317315109 , 16.151084 , 1.837481387
False , K10B00004X , None , 141.5751149 , 323.1069713 , 2459507.2009373 , 0.103454133 , 0.8420272 , 2.895277202
False , K10B00002Q , None , 273.0583329 , 317.681807 , 2457804.2580581 , 0.087988308 , 5.0434683 , 2.854905059
False , K10A00042R , None , 21.7409684 , 73.9254945 , 2458053.4502588 , 0.246975007 , 8.2654185 , 3.004490754
False , K10A00020K , None , 106.3076394 , 100.6586526 , 2458582.3855386 , 0.210499548 , 13.9231358 , 2.051655848
True , K10A00002M , None , 323.5600838 , 45.7086134 , 2458383.2323293 , 0.51776952 , 1.2646972 , 0.708329673
False , K10A00053W , None , 56.8768582 , 135.7661469 , 2458823.6496268 , 0.18612917 , 21.9610247 , 1.753094018
False , K10A00027M , None , 157.8213992 , 91.8132667 , 2459101.9621847 , 0.066316366 , 5.8031033 , 2.548852058
True , K10A00030G , None , 85.2303313 , 103.0260452 , 2458994.1673894 , 0.691469364 , 2.0164272 , 0.70009803
False , K10B00002T , None , 331.4007191 , 175.3924085 , 2458480.5548579 , 0.478214316 , 12.9816903 , 1.411073828
False , K10A00038Q , None , 129.1104802 , 278.8450159 , 2455097.5094208 , 0.338126543 , 15.5088215 , 1.772192807
False , K10A00058H , None , 246.1972151 , 288.5687843 , 2458817.9084562 , 0.219538768 , 9.7574906 , 2.172972639
False , K10A00062F , None , 277.8207772 , 105.6608012 , 2459315.3430849 , 0.070648853 , 15.2947173 , 2.355219553
False , K10A00004L , None , 277.6292949 , 121.5527351 , 2458871.1410337 , 0.203082169 , 2.6063215 , 1.826367323
False , K10A00009M , None , 342.9556822 , 285.9858662 , 2458231.5933009 , 0.144589921 , 2.4134864 , 1.958813254
False , K10A00057M , None , 142.6658496 , 287.5647858 , 2459220.7469906 , 0.164366932 , 14.8764952 , 2.659944622
False , K10A00072P , None , 138.677164 , 2.8336032 , 2459002.711039 , 0.077433857 , 4.6396556 , 2.087189257
False , K10A00073O , None , 193.9760665 , 223.4757334 , 2459085.3950124 , 0.191983737 , 3.2679347 , 1.907872206
True , K10A00000J , None , 176.9876417 , 232.8788477 , 2458630.9942017 , 0.602027578 , 1.3253611 , 1.129644778
False , K10A00012U , None , 140.4479915 , 311.7403105 , 2458221.419819 , 0.279679575 , 31.9522366 , 1.877387215
False , K10A00042H , None , 96.7439261 , 56.6675866 , 2458409.9114646 , 0.084261097 , 5.2958569 , 2.372924906
False , K10A00015A , None , 143.0895413 , 324.1292293 , 2455207.4122581 , 0.138499849 , 4.6835878 , 1.992542273
False , K10A00012E , None , 282.7930589 , 283.0385318 , 2455474.5360669 , 0.0752365 , 6.0248557 , 2.143451024
False , K10A00047C , None , 249.8556854 , 291.9632458 , 2459524.6687029 , 0.197144158 , 21.8732251 , 2.523517806
False , K10A00054O , None , 74.8789301 , 335.8341957 , 2458992.2806712 , 0.229330415 , 5.9779724 , 1.809605857
False , K10A00009U , None , 196.2600297 , 294.0647265 , 2459027.325353 , 0.216113054 , 4.0003968 , 2.348304166
False , K10A00005D , None , 302.4396606 , 77.5523568 , 2454940.0537102 , 0.141648753 , 6.3086356 , 2.286663778
False , K10A00013D , None , 313.3379193 , 81.4038214 , 2455057.4360952 , 0.16140377 , 4.9514343 , 1.994993501
False , K10A00143E , None , 101.7367383 , 213.0468415 , 2459286.3275777 , 0.057573197 , 3.656836 , 2.539924411
True , K10B00005G , None , 216.749259 , 318.7491985 , 2458524.953942 , 0.386870679 , 6.6045273 , 0.902697193
False , K10A00017M , None , 138.2782901 , 296.2217914 , 2455095.0965219 , 0.052094547 , 7.2959733 , 2.26074314
False , K10A00143C , None , 283.3983791 , 142.5985049 , 2458911.6490372 , 0.214315422 , 5.4656984 , 1.812231846
False , K10B00012H , None , 212.2239081 , 167.9051698 , 2459263.9235323 , 0.127413906 , 13.4665093 , 2.802514102
False , K10A00077M , None , 339.8571992 , 101.3429471 , 2459031.8737644 , 0.236830669 , 30.4419356 , 2.344522865
False , K10A00038L , None , 101.0471446 , 277.9399534 , 2458105.0314154 , 0.393762618 , 26.9443733 , 1.572835146
False , K10A00142D , None , 286.3341015 , 79.9476169 , 2458161.1291587 , 0.063955337 , 8.625488 , 2.622338699
False , K10A00074Q , None , 321.6311865 , 111.3051146 , 2457938.4486339 , 0.428587658 , 4.5710154 , 1.394960195
False , K10A00059W , None , 315.9813031 , 133.6261148 , 2455168.5264775 , 0.428822322 , 15.0733368 , 1.486229509
False , K10A00058C , None , 10.9276339 , 101.3678989 , 2457989.9454888 , 0.069275738 , 4.5800059 , 2.259432838
False , K10A00050B , None , 251.9476999 , 219.7789191 , 2458195.7359609 , 0.206666714 , 4.1331177 , 2.045929911
False , K10A00044Y , None , 299.0500271 , 294.6118216 , 2457819.2161761 , 0.055637259 , 8.8535992 , 2.888596633
False , K10A00021Z , None , 154.0233324 , 289.5367569 , 2459016.6844935 , 0.225521706 , 4.0129449 , 1.802479871
False , K10A00062P , None , 217.0754787 , 294.7056686 , 2459282.3583249 , 0.240457133 , 15.0027152 , 2.331963615
False , K10A00046W , None , 128.6596178 , 289.1508256 , 2459016.3132676 , 0.069045648 , 9.6027774 , 2.919471774
False , K10A00004R , None , 345.2618664 , 281.6941996 , 2458622.1223813 , 0.04344115 , 17.9998588 , 1.852452962
False , K10A00042J , None , 131.6818855 , 11.6271029 , 2459205.4836586 , 0.193763143 , 4.3121728 , 2.45378579
False , K10A00029T , None , 359.8096379 , 133.0172477 , 2458406.3949283 , 0.173741969 , 5.7475404 , 2.206678208
False , K10A00051M , None , 102.865211 , 285.3479852 , 2458037.933917 , 0.196165836 , 10.3639158 , 2.146221445
False , K10A00004K , None , 292.7943578 , 132.2723927 , 2458212.1331113 , 0.222641703 , 2.0881714 , 2.031577331
False , K10A00123X , None , 306.4582826 , 23.0344559 , 2457973.1654132 , 0.177473997 , 9.0852493 , 2.120086429
False , K10A00034X , None , 94.8230494 , 294.6844086 , 2459206.3312323 , 0.124793834 , 10.7276201 , 2.95382821
False , K10A00142F , None , 121.4500801 , 336.9378532 , 2458964.7860972 , 0.047168251 , 4.3968426 , 2.184870225
False , K10A00056N , None , 19.0224151 , 64.8401518 , 2458147.1681081 , 0.226269558 , 6.3735854 , 1.982183297
False , K10A00003X , None , 265.9142335 , 317.0551891 , 2457695.9972782 , 0.061451963 , 8.7034727 , 2.876572405
False , K10A00075W , None , 302.0279335 , 131.8889182 , 2459279.1548508 , 0.289221281 , 28.5461473 , 2.281486399
False , K10A00064K , None , 34.1786737 , 101.8485386 , 2459378.4491471 , 0.110573287 , 11.5924605 , 2.799614175
False , K10A00141C , None , 291.7100136 , 310.058781 , 2457737.9314402 , 0.046654774 , 8.5844614 , 2.896071677
False , K10A00029A , None , 320.1953367 , 290.2117896 , 2458077.3172523 , 0.076994062 , 14.9212353 , 2.928006614
False , K10A00054L , None , 288.6188953 , 124.1361776 , 2458911.9105385 , 0.111725952 , 12.2355996 , 2.758877781
False , K10A00141N , None , 34.2455074 , 86.273241 , 2457954.8531722 , 0.069903669 , 6.2616241 , 2.206236242
False , K10A00033J , None , 122.2818749 , 16.0354328 , 2459330.9437397 , 0.109938685 , 3.809935 , 2.791266945
False , K10A00032B , None , 283.015197 , 141.2934817 , 2458807.0538847 , 0.09878693 , 13.1930804 , 2.769114059
True , K10A00003C , None , 137.3364919 , 281.2543768 , 2458458.0288714 , 0.357559665 , 23.9636811 , 1.106664123
False , K10A00000V , None , 60.1465304 , 89.4001203 , 2459368.6331256 , 0.17859791 , 27.6983858 , 2.530710609
False , K10A00028Z , None , 282.9164742 , 98.0316508 , 2458747.2172304 , 0.035022136 , 13.7153519 , 2.988585904
False , K10A00044L , None , 216.2997909 , 112.6590894 , 2459360.9821362 , 0.11038228 , 15.5804393 , 2.392761852
False , K10A00069K , None , 68.5517101 , 11.1723972 , 2458160.982948 , 0.218579319 , 4.5216474 , 2.021980075
False , K10A00036B , None , 237.503307 , 273.3640501 , 2459079.4887644 , 0.146944243 , 6.1231548 , 1.954710629
False , K10A00046G , None , 142.682769 , 289.4297121 , 2455064.4421602 , 0.246964717 , 1.7368029 , 2.263388035
False , K10A00008T , None , 137.8912509 , 131.9405368 , 2458019.5387362 , 0.047318277 , 11.88643 , 2.967836417
False , K10A00051P , None , 91.9007816 , 148.9840903 , 2458318.9311891 , 0.153375233 , 9.1353434 , 2.023244202
False , K10A00020T , None , 158.0119178 , 277.4122594 , 2458936.972588 , 0.215535075 , 6.6580907 , 1.80653468
False , K10A00061D , None , 213.3691505 , 264.8966959 , 2458288.8806185 , 0.131916381 , 21.1135786 , 2.250893055
False , K10A00049F , None , 207.1917474 , 242.5578694 , 2458578.5612732 , 0.034340841 , 5.2200534 , 2.761102485
True , K10A00060O , None , 37.3202586 , 310.0051286 , 2458501.1832216 , 0.247898176 , 11.0612094 , 0.715128405
False , K10A00040A , None , 123.6308078 , 294.421312 , 2458699.4515159 , 0.227518392 , 27.1084162 , 1.710826594
False , K10A00010V , None , 14.9414148 , 49.5013498 , 2458153.1249922 , 0.137482633 , 4.602455 , 2.25640709
False , K10A00066Z , None , 278.6945589 , 143.6834668 , 2457952.7346115 , 0.025095431 , 22.4456066 , 2.541694088
False , K10A00052M , None , 105.4011442 , 274.4905196 , 2458832.4708305 , 0.117421322 , 8.9569028 , 2.066093198
False , K10A00142U , None , 286.9189683 , 109.827594 , 2454929.8886002 , 0.192644722 , 15.4687153 , 2.141496646
True , K10B00004Z , None , 51.2963781 , 98.8262825 , 2458599.2798632 , 0.629050108 , 10.0536443 , 1.025403947
True , K10A00040F , None , 93.2084646 , 119.2196506 , 2458799.6863163 , 0.464458242 , 4.3046325 , 0.662951192
False , K10A00046V , None , 348.8134083 , 92.1063419 , 2455155.9062078 , 0.14029215 , 14.2099885 , 2.246411901
False , K10A00001Z , None , 118.4968625 , 332.6366737 , 2459325.2159687 , 0.151755651 , 5.143439 , 2.732633831
False , K10A00015D , None , 31.2168105 , 27.6063808 , 2457911.9459986 , 0.201263167 , 2.962538 , 1.973285411
False , K10A00069E , None , 46.5227368 , 73.9576672 , 2459034.8890804 , 0.317819133 , 7.4342042 , 2.05190356
False , K10A00053S , None , 253.9587517 , 168.0407821 , 2458073.7671251 , 0.141598742 , 4.8311363 , 2.253268604
False , K10A00126T , None , 30.8382896 , 57.0848705 , 2458952.6394837 , 0.182884385 , 21.9340779 , 2.604206897
False , K10A00022X , None , 215.152556 , 249.5350581 , 2457916.330255 , 0.140746719 , 0.5522765 , 2.08530171
False , K10A00153V , None , 214.8791171 , 268.3512551 , 2456140.9708075 , 0.252745094 , 7.9259514 , 29.3541125
False , K10A00030U , None , 81.2572002 , 115.3622401 , 2459564.1017666 , 0.119606199 , 12.2127511 , 2.762087864
False , K10A00010Z , None , 39.3237678 , 66.6164192 , 2455199.5136314 , 0.250018155 , 5.2611966 , 1.924939985
False , K10A00069C , None , 25.2314132 , 98.1294877 , 2458928.7890924 , 0.201861766 , 15.7149093 , 2.350241224
False , K10A00103Q , None , 292.6012159 , 306.5600639 , 2459282.6818129 , 0.200638792 , 2.6948915 , 2.419992603
False , K10A00019J , None , 329.9167857 , 117.9994356 , 2455094.4166117 , 0.181608913 , 4.7644467 , 2.618274125
False , K10A00007X , None , 102.146768 , 292.7825872 , 2459015.0594185 , 0.161754424 , 3.7948665 , 2.689105575
False , K10A00048O , None , 289.758261 , 138.3888765 , 2458634.3678464 , 0.14063306 , 18.1419633 , 2.503810527
False , K10B00004S , None , 19.1884751 , 134.688603 , 2459312.4860937 , 0.218330476 , 13.0666358 , 2.437821984
False , K10A00119G , None , 277.4920948 , 272.3726149 , 2459245.9608892 , 0.184608489 , 24.2136664 , 2.529695749
False , K10A00020D , None , 23.5895707 , 73.8068768 , 2459179.8877332 , 0.158217927 , 3.0451613 , 2.619269177
False , K10A00100V , None , 113.6450925 , 113.265273 , 2458366.5640874 , 0.103714176 , 18.9088954 , 2.857216401
False , K10A00126H , None , 173.5661087 , 318.0202212 , 2459090.6370237 , 0.135851844 , 27.990194 , 2.736316631
False , K10A00018E , None , 126.9278972 , 296.2085849 , 2459015.5427796 , 0.251039139 , 5.6672408 , 1.747786043
False , K10A00123Q , None , 232.0736405 , 169.208934 , 2458491.6608415 , 0.227047947 , 8.7158226 , 2.120062963
False , K10A00053V , None , 307.1947728 , 146.3314286 , 2459237.337136 , 0.273765927 , 14.6962397 , 2.309305071
False , K10A00008M , None , 233.0944116 , 297.8919634 , 2459223.6303227 , 0.211049512 , 21.3656877 , 1.827163506
False , K10A00046X , None , 78.2265662 , 289.7888527 , 2457995.4918363 , 0.114746445 , 13.6192952 , 2.357336819
False , K10A00037V , None , 49.9026633 , 120.7565978 , 2459320.868531 , 0.053969488 , 11.7459739 , 2.90153874
False , K10A00014C , None , 293.1502068 , 295.7419282 , 2457771.5049656 , 0.046473309 , 8.0990503 , 2.955666686
False , K10A00094A , None , 210.0909884 , 249.057815 , 2459542.222794 , 0.096368355 , 16.9814322 , 2.827614225
True , K10A00003D , None , 209.7049114 , 277.7166791 , 2458927.9065967 , 0.632785415 , 4.488962 , 1.084056124
True , K10B00002K , None , 72.6304986 , 278.0596556 , 2458600.3716017 , 0.447793795 , 6.0456587 , 0.499125294
False , K10A00021P , None , 297.9686388 , 126.7679838 , 2458356.9143082 , 0.158856265 , 14.869413 , 2.319687358
False , K10A00014P , None , 51.1094385 , 326.2639489 , 2458049.0884699 , 0.341430626 , 5.2384476 , 1.709102536
False , K10A00002D , None , 0.472903 , 282.5341207 , 2456117.3182378 , 0.098501539 , 25.7911886 , 2.693813045
False , K10B00011Y , None , 302.3947289 , 299.8091295 , 2457619.4309234 , 0.014529361 , 7.8329777 , 3.156252409
False , K10B00001H , None , 261.944654 , 141.6168781 , 2459012.9905588 , 0.215728558 , 6.5300651 , 1.853897137
False , K10A00097J , None , 112.8134174 , 245.8790516 , 2459221.4639941 , 0.212522191 , 24.8038221 , 2.522871186
False , K10A00049C , None , 186.8620869 , 279.8901171 , 2459567.513248 , 0.357287386 , 11.3780913 , 2.124855667
False , K10A00143Y , None , 324.6122248 , 56.9158768 , 2459208.7780507 , 0.195547269 , 4.683926 , 2.000184856
False , K10A00035D , None , 177.2690824 , 291.8922266 , 2458106.0455899 , 0.12794615 , 11.1303305 , 2.213927359
False , K10A00014T , None , 220.8534615 , 82.5085755 , 2457785.8662973 , 0.198598952 , 9.7199279 , 2.184505128
False , K10A00143L , None , 171.1129643 , 284.9658416 , 2458283.9760858 , 0.217021563 , 13.1178586 , 2.070202324
True , K10A00078B , None , 296.5211099 , 316.8971334 , 2459022.8130961 , 0.546941946 , 33.2587065 , 1.021372213
False , K10A00065K , None , 75.4560921 , 135.7300901 , 2458872.7112345 , 0.130149752 , 24.768663 , 2.395543225
False , K10A00046P , None , 148.5556722 , 292.5360201 , 2458234.8789002 , 0.207465946 , 12.6232923 , 2.089579291
False , K10A00000C , None , 113.6565106 , 308.0068158 , 2458131.7067416 , 0.381104155 , 29.1005073 , 1.607603005
False , K10A00136O , None , 168.0764605 , 237.1238739 , 2459267.634725 , 0.20526258 , 9.8072178 , 2.501782211
True , K10A00003J , None , 291.2811298 , 110.0170522 , 2458619.6549897 , 0.306878123 , 16.9243472 , 0.849248058
False , K10A00061S , None , 311.2700422 , 109.871022 , 2458860.7546598 , 0.169677918 , 24.6829335 , 1.559077653
False , K10A00039X , None , 168.0627544 , 286.7006706 , 2459060.7425243 , 0.22893551 , 5.5554769 , 1.79133555
False , K10A00022K , None , 296.8897123 , 125.6875279 , 2458136.8226129 , 0.108269758 , 9.0089353 , 2.361934823
False , K10A00091Q , None , 22.7545308 , 126.6204043 , 2459150.0723435 , 0.142224527 , 20.5630766 , 2.68892898
False , K10A00067K , None , 228.1674108 , 249.0881348 , 2455258.0044712 , 0.256451927 , 5.3230859 , 2.012393149
False , K10A00070U , None , 114.1741979 , 283.7702532 , 2458102.9743753 , 0.112889452 , 16.3177598 , 1.767040752
False , K10A00016L , None , 0.4224046 , 91.2495776 , 2455147.9272118 , 0.219325178 , 16.0025128 , 2.395613718
False , K10A00142T , None , 29.549007 , 165.7799621 , 2458573.6708049 , 0.105216006 , 1.5793036 , 2.336138165
False , K10B00001Q , None , 88.4367023 , 129.2986416 , 2458738.0424123 , 0.129921879 , 4.6237341 , 2.3281635
True , K10A00001R , None , 227.1075752 , 202.5807009 , 2458614.3658411 , 0.371573886 , 0.5580458 , 0.958903872
False , K10A00125D , None , 330.872302 , 61.3463996 , 2459273.594279 , 0.210126133 , 11.5539971 , 2.512923565
True , K10B00002U , None , 13.2255598 , 123.7057319 , 2457947.5772714 , 0.585836468 , 3.1636794 , 0.993669141
False , K10A00126Y , None , 175.8693454 , 85.3130325 , 2458940.38131 , 0.167833888 , 9.134051 , 2.330962064
False , K10A00047O , None , 25.0880471 , 268.059868 , 2458226.8448474 , 0.05597973 , 7.8348198 , 2.991335633
False , K10A00036E , None , 270.0210258 , 287.6352931 , 2459566.2732068 , 0.058702291 , 12.0279029 , 2.929647408
