# Obs_X , Obs_Y , Obs_Z , UV_X , UV_Y , UV_Z , Vmag , detID , eclipticLat , obsCode , solarElong , timeUTC , trkID
-0.7891395271376418 , -0.6255093959516933 , -5.886580971146938e-06 , -0.878223265685547 , -0.4458365586669745 , -0.17307125285443137 , None , L1UJng000000Crte0100001m7 , -0.1739471306120292 , W84 , 2.876935893997822 , 2456776.4895 , 00000VF-fh
-0.7892046044074102 , -0.6254224172059862 , -6.349906040180194e-06 , -0.8782123269194174 , -0.44585898141701763 , -0.17306899646257162 , None , L1UJng000000Crte0100001m5 , -0.1739448396483929 , W84 , 2.8770375207412795 , 2456776.48316 , 00000VF-fh
-0.789172175288079 , -0.6254657660485914 , -6.1208111056047145e-06 , -0.8782177486482386 , -0.4458479992539558 , -0.17306977645003113 , None , L1UJng000000Crte0100001m6 , -0.173945631586488 , W84 , 2.8769872463245476 , 2456776.48632 , 00000VF-fh
-0.7892370200511393 , -0.6253790752179036 , -6.575260769966467e-06 , -0.8782075518671787 , -0.4458686639862422 , -0.17306828224310822 , None , L1UJng000000Crte0100001m4 , -0.1739441144860598 , W84 , 2.8770866278019356 , 2456776.48 , 00000VF-fh
-0.789269012341419 , -0.625336288776789 , -6.7940075150729295e-06 , -0.8782029851625672 , -0.44587854961092205 , -0.17306598697726905 , 23.3 , L1UJng000000Crte0100001m3 , -0.1739417840540715 , W84 , 2.8771363119594846 , 2456776.47688 , 00000VF-fh
-0.20441445389350524 , 0.9618817225896448 , -3.701352974953633e-05 , -0.40066717276749714 , 0.865505345308041 , 0.30060990321296693 , 21.3 , L01LR20000006Un401000008i , 0.30533207063824497 , F51 , 2.7648710166156 , 2457755.94407 , 000002oGnT
-0.20481952447079854 , 0.9617946733874677 , -3.6192086104102616e-05 , -0.40057422853404767 , 0.865551076320912 , 0.3006020986521275 , 21.4 , L01LR20000006Un401000008k , 0.30532388759883294 , F51 , 2.7651833647324278 , 2457755.96742 , 000002oGnT
-0.22234801073495694 , 0.9578849747073542 , -3.388818874664943e-05 , -0.39660615797135945 , 0.8675060874537789 , 0.30022781964673667 , 21.2 , L030PC0000006UrT01000004i , 0.3049314828678519 , F51 , 2.7782270793760366 , 2457756.99353 , 000002oLww
0.9880765508126287 , 0.15958432030338215 , 2.3189205578303734e-05 , 0.771686053568441 , 0.6006995369215797 , 0.20895143232379323 , 19.1 , KUWLAe0100004kto01000000p , 0.2105026005008946 , 461 , 2.601374643677918 , 2455837.39164 , 000000fRre
0.7080410602547298 , 0.6934950038836676 , -3.208482204127341e-05 , -0.4729638152131122 , 0.8430563630584293 , 0.25604921051577345 , 21.9 , Kz5Het0100006SNh01000006i , 0.25893294090634633 , F51 , 1.8255582858817019 , 2457699.12334 , 000002lG8B
0.7078604707631452 , 0.6936693923380722 , -3.14302609420343e-05 , -0.4729891808438911 , 0.8430365424883852 , 0.2560676137934157 , 22.1 , Kz5Het0100006SNh01000006k , 0.25895197888525295 , F51 , 1.825769582762003 , 2457699.13773 , 000002lG8B
-0.032226833190275216 , 0.9831187287362636 , -3.903095995248148e-05 , -0.4363898096266528 , 0.8478646726445682 , 0.30114685941469294 , 21.5 , KzrEii0100006UJ901000001T , 0.30589511699938726 , F51 , 2.6093966227210057 , 2457746.01468 , 000002nbzt
-0.20461677008375473 , 0.9618383675289113 , -3.6643657576741114e-05 , -0.40062114875465094 , 0.8655278667613068 , 0.3006063988509317 , 21.1 , L01LR20000006Un401000008j , 0.3053283963311809 , F51 , 2.7650264029382043 , 2457755.95573 , 000002oGnT
-0.20502287488227613 , 0.9617506062376856 , -3.566011039698664e-05 , -0.400527472245846 , 0.8655738877628307 , 0.3005987172286194 , 21.1 , L01LR20000006Un401000008l , 0.3053203422013068 , F51 , 2.7653397045979577 , 2457755.97915 , 000002oGnT
-0.22213147217051968 , 0.9579361978804017 , -3.4572332774136745e-05 , -0.39665665791581123 , 0.8674811323270798 , 0.3002332106672858 , 21.2 , L030PC0000006UrT01000004h , 0.3049371346226288 , F51 , 2.7780690758766533 , 2457756.98098 , 000002oLww
-0.22256439688578827 , 0.9578335157987923 , -3.312249507141075e-05 , -0.396555841596014 , 0.8675308720400869 , 0.300222668287129 , 21.2 , L030PC0000006UrT01000004j , 0.30492608237450075 , F51 , 2.7783846119405156 , 2457757.00608 , 000002oLww
0.7572682032040162 , 0.6410404399921003 , -2.4907562073647006e-06 , 0.805125037970648 , 0.5131566203943725 , 0.29739528607257437 , 19.3 , KV2Bn40100005a5P0100002rG , 0.30196333983761203 , G96 , 2.8116564839647222 , 2455868.69756 , 000001eT3I
0.7569701833509751 , 0.6413862884072616 , -4.841784679394691e-06 , 0.8051599297274714 , 0.513077022533769 , 0.29743815577214644 , 19.6 , KV2Bn40100005a5P0100002rJ , 0.30200824143483346 , G96 , 2.811394903196281 , 2455868.72363 , 000001eT3I
0.9881024011117955 , 0.15943705308979655 , 2.3808956732697104e-05 , 0.7716829381630551 , 0.600714992949967 , 0.20891850131847015 , 19.2 , KUWLAe0100004kto01000000x , 0.2104689262901527 , 461 , 2.601237204970925 , 2455837.38302 , 000000fRrh
0.9881408618981306 , 0.15921685812856037 , 2.4723228930813204e-05 , 0.7716785134595165 , 0.6007376989978693 , 0.20886954988139408 , 18.9 , KUWLAe0100004kto01000000n , 0.21041887053723393 , 461 , 2.601032024612595 , 2455837.37013 , 000000fRre
0.9881087725752195 , 0.15940066498924915 , 2.3961181118282132e-05 , 0.7716818550167049 , 0.6007191703921748 , 0.2089104903094014 , 19.0 , KUWLAe0100004kto01000000o , 0.21046073452076808 , 461 , 2.601202754743392 , 2455837.38089 , 000000fRre
0.9881344926720366 , 0.1592534125918303 , 2.4572683263402587e-05 , 0.7716797755490671 , 0.6007334469129407 , 0.20887711643126053 , 19.1 , KUWLAe0100004kto01000000w , 0.21042660774907868 , 461 , 2.6010669498072136 , 2455837.37227 , 000000fRrh
0.9880699665302153 , 0.15962173637364696 , 2.303094781435168e-05 , 0.7716864388631004 , 0.6006960237034458 , 0.2089601090678684 , 19.0 , KUWLAe0100004kto01000000y , 0.2105114731069303 , 461 , 2.6014089109347416 , 2455837.39383 , 000000fRrh
0.7571680737917252 , 0.6411568100782743 , -3.2866366549350953e-06 , 0.8051365842377608 , 0.5131302671919731 , 0.2974094981896937 , 19.4 , KV2Bn40100005a5P0100002rH , 0.3019782254976822 , G96 , 2.8115689749453385 , 2455868.70633 , 000001eT3I
0.7570683892863609 , 0.6412724923768199 , -4.073739102354706e-06 , 0.8051479175536531 , 0.5131039980578891 , 0.29742413828743863 , 19.6 , KV2Bn40100005a5P0100002rI , 0.3019935594934788 , G96 , 2.811481391846882 , 2455868.71505 , 000001eT3I
0.7081315787650303 , 0.6934075088078294 , -3.23684150857431e-05 , -0.4729498939979663 , 0.8430667539030743 , 0.2560407120569804 , 21.8 , Kz5Het0100006SNh01000006h , 0.2589241493809424 , F51 , 1.8254535494344997 , 2457699.11613 , 000002lG8B
0.7079508153273081 , 0.6935821766109426 , -3.1772303968436285e-05 , -0.47297728093529434 , 0.8430455523853269 , 0.2560599311145238 , 21.9 , Kz5Het0100006SNh01000006j , 0.2589440312306898 , F51 , 1.825662652372504 , 2457699.13053 , 000002lG8B
-0.03201179832732796 , 0.9831276228569653 , -3.962251188737868e-05 , -0.4364310171486391 , 0.847844243788337 , 0.30114465883622643 , 21.2 , KzrEii0100006UJ901000001S , 0.30589280929284557 , F51 , 2.6091825878318877 , 2457746.00253 , 000002nbzt
-0.03244245268004301 , 0.9831095755844311 , -3.8357770168869284e-05 , -0.43634810054688894 , 0.8478851759610291 , 0.30114957003897036 , 21.3 , KzrEii0100006UJ901000001U , 0.30589795958398913 , F51 , 2.60961126697505 , 2457746.02687 , 000002nbzt
0.9219751987386214 , 0.37948817753983666 , 1.5661642732151187e-06 , 0.9671094039975843 , -0.2056985166183178 , -0.14962460011796533 , 19.0 , LGk7k6010000DIIN01000004a , -0.15018858794219087 , F51 , 2.5252913707145592 , 2458772.81227 , 00000EHp7f
0.9220484259862713 , 0.37931349973242323 , 2.592232971034301e-06 , 0.9671056168345292 , -0.20568726898564935 , -0.14966453576024558 , 19.1 , LGk7k6010000DIIN01000004Z , -0.1502289783866862 , F51 , 2.5254759391250072 , 2458772.80139 , 00000EHp7f
0.9221215828538378 , 0.3791385563980739 , 3.5906691003134093e-06 , 0.9671020291560996 , -0.2056757354083109 , -0.14970356397362528 , 19.0 , LGk7k6010000DIIN01000004Y , -0.1502684513067274 , F51 , 2.525661223014659 , 2458772.79049 , 00000EHp7f
0.9221944732468028 , 0.37896383979334675 , 4.554044540673894e-06 , 0.9670982547540231 , -0.20566470533164316 , -0.14974309544206382 , 19.0 , LGk7k6010000DIIN01000004X , -0.1503084334566609 , F51 , 2.5258455732969898 , 2458772.7796 , 00000EHp7f
0.6174956538685008 , -0.8058452947453709 , 5.1944352755781504e-05 , 0.9524868372836907 , -0.03943475519342539 , -0.3020161003723922 , 19.9 , LGk84k000000DIIW01000001c , -0.30680680585780223 , J43 , 2.2276404503585763 , 2458695.70056 , 00000EHpYf
0.6173822684009049 , -0.8059354654157077 , 5.271707589202225e-05 , 0.9524865801108267 , -0.03944375213535353 , -0.3020157365540192 , 19.3 , LGk84k000000DIIW01000001b , -0.30680642421794796 , J43 , 2.2275170921215355 , 2458695.69206 , 00000EHpYf
0.6172690342175273 , -0.8060254231876344 , 5.349504152498116e-05 , 0.9524868691308942 , -0.03945343259975117 , -0.30201356060502255 , 19.7 , LGk84k000000DIIW01000001a , -0.3068041416820203 , J43 , 2.227395062429472 , 2458695.68358 , 00000EHpYf
0.6171558176262159 , -0.8061152690951642 , 5.4276941370731766e-05 , 0.952486695175179 , -0.03946663424126011 , -0.30201238434198713 , 19.0 , LGk84k000000DIIW01000001Z , -0.3068029078014709 , J43 , 2.2272762785891156 , 2458695.67511 , 00000EHpYf
0.9767176191584865 , 0.21428161915905317 , 1.5234061944898206e-05 , 0.9640018854621601 , -0.1898068771754782 , -0.1862087919575585 , 18.8 , LGaBdv010000DHiC0100006qE , -0.18730202907235877 , 703 , 2.692705170011616 , 2458762.69459 , 00000EFr7s
0.9767384329579712 , 0.2141905730376487 , 1.566744432349135e-05 , 0.9640011179455951 , -0.18979354954868352 , -0.1862263492348876 , 19.0 , LGaBdv010000DHiC0100006qD , -0.18731989891953965 , 703 , 2.692794193308016 , 2458762.68921 , 00000EFr7s
0.9767592019531572 , 0.21409954308309667 , 1.6093078200548088e-05 , 0.9639994528697571 , -0.18977940511710684 , -0.1862493819055674 , 18.9 , LGaBdv010000DHiC0100006qC , -0.18734334172954917 , 703 , 2.692881571377596 , 2458762.68383 , 00000EFr7s
0.9767798883484268 , 0.2140086995717492 , 1.650970761876152e-05 , 0.9639983738818877 , -0.1897670719603663 , -0.18626753220211398 , 18.6 , LGaBdv010000DHiC0100006qB , -0.18736181529911192 , 703 , 2.6929691907392534 , 2458762.67846 , 00000EFr7s
0.9951921421230554 , 0.11390722871693036 , 1.326805092382664e-05 , 0.962651318336472 , -0.17395503038399088 , -0.20746586878124637 , None , LGTBbw000000DHGV0100008cY , -0.2089837503333438 , 703 , 2.7836595174786183 , 2458756.75524 , 00000EEu1m
0.9952036422906559 , 0.11381689668474926 , 1.373583500266463e-05 , 0.962647926290975 , -0.17394348497537013 , -0.2074912866659923 , 19.5 , LGTBbw000000DHGV0100008cX , -0.2090097336259295 , 703 , 2.7837266050102105 , 2458756.75 , 00000EEu1m
0.9952151178029356 , 0.11372639903360245 , 1.4201249207704382e-05 , 0.9626476561283472 , -0.1739264064229203 , -0.2075068560298875 , 18.9 , LGTBbw000000DHGV0100008cW , -0.20902564939307888 , 703 , 2.783804458471928 , 2458756.74475 , 00000EEu1m
0.9952265252404677 , 0.11363608167956396 , 1.4662017133111684e-05 , 0.962647582536615 , -0.1739045436500621 , -0.20752552019998596 , 19.0 , LGTBbw000000DHGV0100008cV , -0.20904472889368655 , 703 , 2.783884257212219 , 2458756.73951 , 00000EEu1m
1.0011566139779122 , -0.08713706920857336 , 1.0713053952977788e-05 , 0.9601072549214416 , -0.13284685310620506 , -0.24606050610976246 , 18.57 , LGI1Yt8W0000DGMP01000000O , -0.24861368705094908 , T08 , 2.8879610471039596 , 2458745.005416 , 00000ECvnK
1.0011452355393287 , -0.08731189872613838 , 1.1671295110324568e-05 , 0.9601036843580434 , -0.13280600540392734 , -0.24609648557174216 , 18.69 , LGI1Yt8W0000DGMP01000000N , -0.24865080798527353 , T08 , 2.887965836072412 , 2458744.995302 , 00000ECvnK
1.0011347824283676 , -0.0874701230334888 , 1.25573897283312e-05 , 0.9601016228355288 , -0.13277175871601068 , -0.24612300566188738 , 18.89 , LGI1Yt8W0000DGMP01000000M , -0.24867816966689033 , T08 , 2.88797559390173 , 2458744.986151 , 00000ECvnK
1.001138749150609 , -0.08741034603834455 , 1.2220711105649964e-05 , 0.9601027777543768 , -0.13278192658742757 , -0.2461130149343198 , 18.82 , LGI1Yt8W0000DGMP01000000L , -0.24866786187015189 , T08 , 2.8879724580347466 , 2458744.989608 , 00000ECvnK
1.0028648937033648 , -0.05657844037800605 , 2.4279436492975884e-05 , 0.9605171487060593 , -0.1396213688620898 , -0.2406505358370477 , 18.6 , LGJBoJ010000DGUg010000A0v , -0.24303602816308775 , 703 , 2.8833915021961114 , 2458746.7943 , 00000ED9zJ
1.002860979139262 , -0.05667211988855266 , 2.477148832424221e-05 , 0.9605164995852836 , -0.13960093167326904 , -0.24066498270498116 , 18.7 , LGJBoJ010000DGUg010000A0u , -0.2430509124805693 , 703 , 2.88341514809182 , 2458746.78889 , 00000ED9zJ
1.0028570145749038 , -0.056765793420478904 , 2.526126245410024e-05 , 0.9605150065481171 , -0.13957919948826497 , -0.24068354589810625 , 18.6 , LGJBoJ010000DGUg010000A0t , -0.2430700378457501 , 703 , 2.88343516177091 , 2458746.78348 , 00000ED9zJ
1.0028530002348464 , -0.05685945969648137 , 2.5748198078490792e-05 , 0.960514456987174 , -0.13955253495356335 , -0.24070120046785962 , 18.6 , LGJBoJ010000DGUg010000A0s , -0.24308822715475062 , 703 , 2.8834577255209544 , 2458746.77807 , 00000ED9zJ
0.9821342512732262 , -0.22275872341174732 , 1.935506123618938e-05 , 0.9580782507517323 , -0.10200547299786933 , -0.2677329806261862 , 18.32 , LG9HBB0J0000DG3i010000004 , -0.2710393426358145 , T08 , 2.846944844392023 , 2458736.987578 , 00000ECI1k
0.9820811660134591 , -0.22301601867685283 , 2.08788090728142e-05 , 0.9580735347743469 , -0.10194466682227708 , -0.26777301371027523 , 18.49 , LG9HBB0J0000DG3i010000003 , -0.27108089281724407 , T08 , 2.8467801895284204 , 2458736.972389 , 00000ECI1k
0.9820928797930535 , -0.222959421956847 , 2.0542348063102965e-05 , 0.9580745654363674 , -0.10195697180621603 , -0.26776464098910113 , 18.5 , LG9HBB0J0000DG3i010000002 , -0.2710722027629998 , T08 , 2.8468155948839393 , 2458736.97573 , 00000ECI1k
0.9820632939088398 , -0.22310217617459235 , 2.1391827842598616e-05 , 0.9580731662105022 , -0.10191973654693703 , -0.2677838223074472 , 18.67 , LG9HBB0J0000DG3i010000001 , -0.2710921111002402 , T08 , 2.8467255690278988 , 2458736.967303 , 00000ECI1k
0.9557452987428557 , -0.32234339732864004 , 2.7101043953997438e-05 , 0.9564315953713325 , -0.08000260129526385 , -0.2807813867788228 , 19.18 , LG3KOdBP0000DFi601000000g , -0.2846081504978885 , T05 , 2.7702329411070443 , 2458730.949127 , 00000EBduA
0.9556891187754667 , -0.32251882267624193 , 2.81428462886662e-05 , 0.9564301755553835 , -0.07996667559990078 , -0.2807964566738664 , 18.63 , LG3KOdBP0000DFi601000000f , -0.2846238520744873 , T05 , 2.770081103634732 , 2458730.938473 , 00000EBduA
0.9556605337032148 , -0.32260781603503313 , 2.8664621070605797e-05 , 0.9564277704963132 , -0.07994221958393953 , -0.2808116118529376 , 19.0 , LG3KOdBP0000DFi601000000e , -0.28463964258268926 , T05 , 2.769994156278863 , 2458730.933067 , 00000EBduA
0.9556417287558899 , -0.3226662641679037 , 2.9004447718254545e-05 , 0.9564263426687245 , -0.07993333762264164 , -0.2808190032491258 , 19.08 , LG3KOdBP0000DFi601000000d , -0.2846473438643889 , T05 , 2.7699437611415414 , 2458730.929516 , 00000EBduA
0.9660145694689533 , -0.28824699480594956 , 1.7448516597717047e-05 , 0.9570031045137116 , -0.08738252645056692 , -0.27660323935600245 , 18.9 , LG5IMT000000DFsA01000003n , -0.2802576333854483 , F51 , 2.7994237739046173 , 2458733.03531 , 00000EBr0U
0.9659679807384627 , -0.288417382822991 , 1.8413629529642677e-05 , 0.9570001629191464 , -0.08734335303505744 , -0.2766257884820584 , 18.9 , LG5IMT000000DFsA01000003m , -0.2802810980813492 , F51 , 2.7992820212342213 , 2458733.02507 , 00000EBr0U
0.9659212961541592 , -0.2885874759282561 , 1.939731388968242e-05 , 0.956997219189804 , -0.0873041798101902 , -0.2766483375165164 , 18.9 , LG5IMT000000DFsA01000003l , -0.2803045628404259 , F51 , 2.7991403235645493 , 2458733.01485 , 00000EBr0U
0.9658742840934672 , -0.2887580968759868 , 2.0400320123814224e-05 , 0.9569942624212243 , -0.08726468751713314 , -0.2766710248750201 , 18.9 , LG5IMT000000DFsA01000003k , -0.2803281717009089 , F51 , 2.798997896546196 , 2458733.0046 , 00000EBr0U
0.9131650125266714 , -0.43218932507275254 , 2.607310517901573e-05 , 0.9546477050191814 , -0.0583779504055847 , -0.29195851453255 , 18.98 , LFwMR4Cw0000DFCM010000010 , -0.29627393178361927 , T08 , 2.663447434357339 , 2458724.033436 , 00000EAWZK
0.9130954881440337 , -0.4323445715754336 , 2.7063059451957814e-05 , 0.9546446752732037 , -0.0583485345544722 , -0.2919743010743667 , 19.61 , LFwMR4Cw0000DFCM01000000z , -0.2962904375031784 , T08 , 2.6632833989900746 , 2458724.023559 , 00000EAWZK
0.9130756052540042 , -0.4323888985443407 , 2.7347716222558604e-05 , 0.9546438017076007 , -0.058340640146881166 , -0.2919787347881887 , 19.14 , LFwMR4Cw0000DFCM01000000y , -0.29629507321592374 , T08 , 2.6632369996226353 , 2458724.020739 , 00000EAWZK
0.9129760269806164 , -0.43261041295458835 , 2.8779382737098725e-05 , 0.9546393911383705 , -0.05829842749454409 , -0.29200158602073495 , 18.98 , LFwMR4Cw0000DFCM01000000x , -0.2963189656491101 , T08 , 2.6630023702181473 , 2458724.006647 , 00000EAWZK
0.8828926802216589 , -0.4928260706339995 , 3.075935814107276e-05 , 0.9537698902031687 , -0.04841355422778061 , -0.2966127514266191 , 18.7 , LFsJ4u9d0000DEug010000004 , -0.30114382559023195 , T08 , 2.599048732966117 , 2458720.051565 , 00000EA3C4
0.8827623115988408 , -0.4930716305444814 , 3.237001672315529e-05 , 0.9537653861926261 , -0.04836934456251327 , -0.2966344460905098 , 18.64 , LFsJ4u9d0000DEug010000003 , -0.301166542647281 , T08 , 2.5987734458563887 , 2458720.03539 , 00000EA3C4
0.882720565832245 , -0.49315008020905277 , 3.2891204046478526e-05 , 0.9537640674384633 , -0.04835553902947641 , -0.2966409370070277 , 18.6 , LFsJ4u9d0000DEug010000002 , -0.3011733394890048 , T08 , 2.5986859532081446 , 2458720.030223 , 00000EA3C4
0.8826939513218107 , -0.4932000476452349 , 3.3224396215808676e-05 , 0.9537637461507087 , -0.048351720854370964 , -0.2966425923885301 , 18.7 , LFsJ4u9d0000DEug010000001 , -0.30117507289305334 , T08 , 2.5986357866650085 , 2458720.026932 , 00000EA3C4
0.9045256229271869 , -0.4505817666949667 , 4.228843048035547e-05 , 0.9543652287023326 , -0.05516481232036185 , -0.2935027320581591 , 19.2 , LFvBVj000000DF4Y01000070S , -0.2978888929803812 , 703 , 2.644198802977944 , 2458722.84102 , 00000EAJBU
0.9044851540707847 , -0.4506661445434731 , 4.2772488803147375e-05 , 0.954364929771652 , -0.055154680531589124 , -0.2935056081873194 , 18.9 , LFvBVj000000DF4Y01000070R , -0.29789190161651674 , 703 , 2.6441154780922496 , 2458722.83559 , 00000EAJBU
0.9044447114544754 , -0.4507503531908176 , 4.3251425070299444e-05 , 0.9543630638972009 , -0.055136157985159355 , -0.2935151552328817 , 18.9 , LFvBVj000000DF4Y01000070Q , -0.29790188852669003 , 703 , 2.6440214968620683 , 2458722.83017 , 00000EAJBU
0.9044041462334244 , -0.4508347021078549 , 4.372645476152733e-05 , 0.9543610531657244 , -0.05511572520145704 , -0.29352553046698826 , 19.2 , LFvBVj000000DF4Y01000070P , -0.29791274181757277 , 703 , 2.6439253151210247 , 2458722.82474 , 00000EAJBU
0.8746878650516878 , -0.507650947865978 , 3.2804328289101076e-05 , 0.9535746609436774 , -0.046249698492515076 , -0.29758415850898756 , 19.2 , LFrH5G000000DEqR01000001B , -0.30216116898497675 , F52 , 2.582887023196523 , 2458719.05552 , 00000E9r6V
0.874591503946878 , -0.5078253597347655 , 3.394728801299043e-05 , 0.9535722355644692 , -0.04622212482826028 , -0.2975962142516953 , 19.1 , LFrH5G000000DEqR01000001A , -0.30217379684936363 , F52 , 2.582693302612371 , 2458719.04392 , 00000E9r6V
0.874495150126843 , -0.5079993373736529 , 3.510352326095259e-05 , 0.9535698443582366 , -0.046195500393971134 , -0.29760801009710613 , 19.3 , LFrH5G000000DEqR010000019 , -0.3021861525307856 , F52 , 2.582500822079254 , 2458719.03235 , 00000E9r6V
0.8743979671721792 , -0.5081743703760498 , 3.627696839765802e-05 , 0.953567319045463 , -0.04616770614492612 , -0.29762041421542984 , 19.3 , LFrH5G000000DEqR010000018 , -0.3021991454053552 , F52 , 2.582305900203649 , 2458719.02071 , 00000E9r6V
0.22623175519432118 , -0.9912839890810808 , 7.303026257096926e-05 , 0.9507798540713804 , -0.12717374428957728 , -0.2825677049051674 , 20.1 , LF4Apg000000DCkU0100000R6 , -0.2864698491161251 , 691 , 1.9129472397849816 , 2458669.91473 , 00000E6E5l
0.22611955478459583 , -0.9913104479078882 , 7.350152452377347e-05 , 0.9507766966478387 , -0.12720848313112207 , -0.28256269203648005 , 20.3 , LF4Apg000000DCkU0100000R5 , -0.2864646232848609 , 691 , 1.9128741553253095 , 2458669.90799 , 00000E6E5l
0.22600713620069995 , -0.9913368931209542 , 7.395619903555141e-05 , 0.9507741388103478 , -0.1272424908543432 , -0.2825559864710424 , 20.5 , LF4Apg000000DCkU0100000R4 , -0.28645763285829184 , 691 , 1.912800264082441 , 2458669.90124 , 00000E6E5l
-0.8627165011979977 , -0.5153336755331219 , 5.060791784110436e-05 , -0.9961379438082744 , -0.018351748830455084 , 0.08586274058220611 , 21.2 , L7pBRQ010000Cpuk0100005qK , 0.08596859469729573 , G96 , 2.6151484056819405 , 2458229.75887 , 0000054h7K
-0.8628050314113934 , -0.5151786176884685 , 4.9690326464278496e-05 , -0.9961362645796916 , -0.01838509183865207 , 0.08587508828119499 , 21.4 , L7pBRQ010000Cpuk0100005qJ , 0.0859809881722837 , G96 , 2.615354445164307 , 2458229.74856 , 0000054h7K
-0.8628493586511147 , -0.5151008495067184 , 4.922679894045765e-05 , -0.9961356531998854 , -0.01840173628157724 , 0.08587861506720489 , 22.0 , L7pBRQ010000Cpuk0100005qI , 0.0859845280353994 , G96 , 2.6154580587502814 , 2458229.74339 , 0000054h7K
-0.9160004246578646 , -0.40859557083255654 , 4.844392661821958e-05 , -0.9946061570675313 , -0.04357398535059354 , 0.09412704246933282 , 21.3 , L7iBgY010000CpUi010000774 , 0.09426659226641193 , G96 , 2.754713210565259 , 2458222.7947 , 00000544Yg
-0.9160354818422564 , -0.4085130956934359 , 4.79925718407038e-05 , -0.9946048889535852 , -0.043598337285291555 , 0.09412916580733433 , 21.0 , L7iBgY010000CpUi010000773 , 0.0942687250738789 , G96 , 2.7548228347052692 , 2458222.78954 , 00000544Yg
-0.9160703595309952 , -0.4084309277278782 , 4.753885041983713e-05 , -0.9946033577803206 , -0.04361520164378249 , 0.09413753171654529 , 20.8 , L7iBgY010000CpUi010000772 , 0.09427712829677988 , G96 , 2.754923394461207 , 2458222.7844 , 00000544Yg
-0.9161053288314942 , -0.40834842859499876 , 4.7079705695083134e-05 , -0.9946021368662662 , -0.04363487207992348 , 0.09414131547639297 , 21.5 , L7iBgY010000CpUi010000771 , 0.09428092893517402 , G96 , 2.755028060323933 , 2458222.77924 , 00000544Yg
0.9221840521063432 , 0.37906167471696234 , 3.559647137305875e-06 , 0.5557924992040176 , -0.8024488452133428 , -0.2171878188212325 , 20.5 , KskIlB01000069Uc010000004 , -0.2189325926230445 , F51 , 1.7813289954944653 , 2457311.75377 , 000002KgJY
0.9222559304140066 , 0.37888863695572944 , 4.366500748446978e-06 , 0.555733014760527 , -0.802481663471559 , -0.21721877473435686 , 20.7 , KskIlB01000069Uc010000003 , -0.21896430564040117 , F51 , 1.78144302818669 , 2457311.74297 , 000002KgJY
0.922327578534729 , 0.3787158649095589 , 5.121328818887213e-06 , 0.5556736708787466 , -0.8025143639991507 , -0.2172497803616312 , 20.6 , KskIlB01000069Uc010000002 , -0.2189960698121367 , F51 , 1.7815569231932555 , 2457311.73218 , 000002KgJY
0.9223990721839749 , 0.37854320624202376 , 5.821456832365599e-06 , 0.5556139459422669 , -0.8025473144118548 , -0.2172808118651606 , 20.6 , KskIlB01000069Uc010000001 , -0.21902786071802607 , F51 , 1.7816702108571567 , 2457311.72139 , 000002KgJY
0.9288758661538021 , 0.3631440711271205 , 4.724807386681802e-06 , 0.5501563680825661 , -0.8055558583005329 , -0.22001756706202286 , 20.2 , KsjHmP01000069Px010000007 , -0.22183247880023294 , F51 , 1.7916638770045834 , 2457310.75321 , 000002KZ86
0.9289433077887332 , 0.3629734069217987 , 5.5019928835989545e-06 , 0.5500986463626164 , -0.8055869175783067 , -0.22004817085515516 , 20.1 , KsjHmP01000069Px010000006 , -0.2218638514601313 , F51 , 1.7917762676320548 , 2457310.74263 , 000002KZ86
0.9290106579028019 , 0.3628026857342678 , 6.2295913519304175e-06 , 0.5500414726171886 , -0.8056174477448091 , -0.22007931817927445 , 20.4 , KsjHmP01000069Px010000005 , -0.22189578153425657 , F51 , 1.7918894071602052 , 2457310.73204 , 000002KZ86
0.7359090045074981 , -0.6974223058839484 , 7.173132877062206e-06 , 0.4007996699527518 , -0.8199991907272706 , -0.40860855567693 , 19.1 , KrdJ6I01000066Fb01000000O , -0.4209290208947102 , Q60 , 2.596279489127526 , 2457244.16019 , 000002FZPv
0.7357921102772625 , -0.6975491540700551 , 8.053287948799154e-06 , 0.4008233458219159 , -0.8199791591798166 , -0.4086255302289444 , 19.5 , KrdJ6I01000066Fb01000000N , -0.4209476189463737 , Q60 , 2.596390129482748 , 2457244.15014 , 000002FZPv
0.7356779706361392 , -0.6976727847643813 , 8.89326902398683e-06 , 0.40084158904823036 , -0.8199632321572232 , -0.4086395947526 , 19.3 , KrdJ6I01000066Fb01000000M , -0.4209630287627069 , Q60 , 2.596496029531869 , 2457244.14034 , 000002FZPv
-0.1737341375875407 , -1.0004000972559657 , 5.8422981945072926e-05 , 0.5261908652389276 , -0.7768867257166842 , -0.3457892258939227 , 19.6 , Kqg3gm00000063n001000000a , -0.3530797671232851 , F51 , 2.312272037147598 , 2457185.09902 , 000002DTXX
-0.17386955527379636 , -1.0003772064851104 , 5.9010690962878845e-05 , 0.5261910392911846 , -0.7768963262368959 , -0.34576739066788514 , 19.5 , Kqg3gm00000063n001000000Z , -0.3530564964761769 , F51 , 2.312165085719518 , 2457185.09098 , 000002DTXX
-0.17400538031975316 , -1.0003541747155291 , 5.957150965318316e-05 , 0.5261916694876458 , -0.7769057249446298 , -0.34574531307027634 , 19.5 , Kqg3gm00000063n001000000Y , -0.35303296772716886 , F51 , 2.3120573942814433 , 2457185.08292 , 000002DTXX
-0.174141272228268 , -1.0003310554330094 , 6.010248181413025e-05 , 0.5261914717277641 , -0.77691531798326 , -0.34572405725367095 , 19.6 , Kqg3gm00000063n001000000X , -0.3530103149672272 , F51 , 2.3119500913236424 , 2457185.07486 , 000002DTXX
-0.979908034652215 , 0.1632344558953768 , 2.690583488350158e-05 , -0.9786696329688378 , 0.10509084793004318 , 0.17652666423513705 , 21.9 , KjAD8P0100005jwK0100001OX , 0.17745657482475888 , G96 , 2.9549897185139953 , 2456727.90423 , 000001pYOn
-0.9798905772314095 , 0.16333418810877715 , 2.6419755732542998e-05 , -0.9786722138410997 , 0.10506314646375296 , 0.1765288449814839 , 20.8 , KjAD8P0100005jwK0100001OW , 0.17745879036469187 , G96 , 2.954947007142516 , 2456727.89844 , 000001pYOn
-0.9798731864552747 , 0.1634332456282802 , 2.5930074652583114e-05 , -0.9786735709599464 , 0.10503898742746416 , 0.17653569787643375 , 20.2 , KjAD8P0100005jwK0100001OV , 0.17746575260261352 , G96 , 2.954901064236248 , 2456727.89269 , 000001pYOn
-0.9798557109217025 , 0.16353248822813485 , 2.543322919334327e-05 , -0.9786755806405377 , 0.10501482962002517 , 0.17653892890176792 , 21.7 , KjAD8P0100005jwK0100001OU , 0.1774690351843455 , G96 , 2.9548584513846308 , 2456727.88693 , 000001pYOn
0.44584801747245373 , 0.8806639261559568 , 1.592403353756457e-05 , 0.9709001400987659 , 0.2354982439595701 , 0.04351430854506983 , 20.3 , JRODAt0100004VxJ01000002l , 0.043528052613865914 , 691 , 2.2765957581905303 , 2451873.6303 , 000000PHmz
0.4461873839942698 , 0.880491775862366 , 1.7881713298724862e-05 , 0.9709057409123182 , 0.23548218468185955 , 0.04347623443861075 , 20.4 , JRODAt0100004VxJ01000002k , 0.043489942441189915 , 691 , 2.2769652493716803 , 2451873.60857 , 000000PHmz
0.4465280380359845 , 0.8803185553809212 , 1.9812446765104732e-05 , 0.9709113400391708 , 0.23546612498741337 , 0.0434381602597711 , 20.3 , JRODAt0100004VxJ01000002j , 0.04345183225926885 , 691 , 2.277336390548705 , 2451873.58671 , 000000PHmz
0.6717784677025476 , 0.7277714605395674 , -3.424264813946188e-06 , 0.5793298409414827 , 0.8007829113455606 , 0.15206467141201643 , 18.7 , Jp8DDA01000053Ot0100002Rg , 0.15265690364499768 , 703 , 2.948244176085591 , 2453318.92068 , 000000zpg0
0.6719570241335497 , 0.7276135954103752 , -3.370549122965522e-06 , 0.5792774089962093 , 0.8008249235932012 , 0.15204316879946306 , 18.8 , Jp8DDA01000053Ot0100002Rf , 0.15263514806288225 , 703 , 2.948072580083604 , 2453318.9071 , 000000zpg0
0.6721355180006429 , 0.7274554485251301 , -3.212374170856533e-06 , 0.5792271436680443 , 0.800866678913538 , 0.1520147316682132 , 19.1 , Jp8DDA01000053Ot0100002Re , 0.1526063764920699 , 703 , 2.947907325012397 , 2453318.89352 , 000000zpg0
0.6723143209651137 , 0.7272966724142659 , -2.9502552767539355e-06 , 0.5791740123864294 , 0.8009094229234328 , 0.15199197231649467 , 19.5 , Jp8DDA01000053Ot0100002Rd , 0.1525833495669755 , 703 , 2.9477350992345914 , 2453318.87991 , 000000zpg0
-0.20441445389350524 , 0.9618817225896448 , -3.701352974953633e-05 , -0.4086030963678634 , 0.8597557415571945 , 0.30637162808920987 , 21.0 , L01LR20000006Un401000009E , 0.3113790148386414 , F51 , 2.754210312176437 , 2457755.94407 , 000002oGnb
-0.20481952447079854 , 0.9617946733874677 , -3.6192086104102616e-05 , -0.4085091269856787 , 0.8597963782218453 , 0.306382899597866 , 21.0 , L01LR20000006Un401000009G , 0.3113908557759574 , F51 , 2.754510719382058 , 2457755.96742 , 000002oGnb
-0.22234801073495694 , 0.9578849747073542 , -3.388818874664943e-05 , -0.4044969767674271 , 0.8615106381795967 , 0.306890234594383 , 21.1 , L030RA0100006UrU01000000N , 0.31192386773990416 , F51 , 2.766980819805788 , 2457756.99353 , 000002oLzE
-0.03201179832732796 , 0.9831276228569653 , -3.962251188737868e-05 , -0.44470325033597297 , 0.8443366716922508 , 0.29888894923746084 , 21.4 , KzrEii0100006UJ901000000R , 0.30352816931000554 , F51 , 2.60284090714109 , 2457746.00253 , 000002nbzb
-0.03244245268004301 , 0.9831095755844311 , -3.8357770168869284e-05 , -0.4446193628852286 , 0.8443726110787491 , 0.2989122209070565 , 21.4 , KzrEii0100006UJ901000000T , 0.3035525558274011 , F51 , 2.6032623876558354 , 2457746.02687 , 000002nbzb
-0.20461677008375473 , 0.9618383675289113 , -3.6643657576741114e-05 , -0.40855590773656875 , 0.859776272094301 , 0.3063769446240605 , 21.0 , L01LR20000006Un401000009F , 0.3113845999554566 , F51 , 2.7543608257209566 , 2457755.95573 , 000002oGnb
-0.22213147217051968 , 0.9579361978804017 , -3.4572332774136745e-05 , -0.4045475258325902 , 0.861488880306446 , 0.3068846826595877 , 21.2 , L030RA0100006UrU01000000M , 0.3119180343180657 , F51 , 2.7668302818745434 , 2457756.98098 , 000002oLzE
-0.22256439688578827 , 0.9578335157987923 , -3.312249507141075e-05 , -0.40444607430936763 , 0.8615324664078019 , 0.30689604477906063 , 21.2 , L030RA0100006UrU01000000O , 0.3119299725168275 , F51 , 2.767131203997547 , 2457757.00608 , 000002oLzE
-0.032226833190275216 , 0.9831187287362636 , -3.903095995248148e-05 , -0.44466157627620106 , 0.8443544575969056 , 0.29890070679039804 , 21.3 , KzrEii0100006UJ901000000S , 0.3035404900945652 , F51 , 2.6030510582199646 , 2457746.01468 , 000002nbzb
-0.03265846370972436 , 0.9831001780984389 , -3.760680943585508e-05 , -0.44457868986056587 , 0.844389768483934 , 0.29892425027339486 , 21.4 , KzrEii0100006UJ901000000U , 0.30356516154311136 , F51 , 2.6034722087019446 , 2457746.03909 , 000002nbzb
-0.3050119116348096 , 0.9348758846035072 , -1.0024948184935308e-05 , -0.6383381534220838 , 0.6072859982540422 , 0.47299906787463714 , 17.5 , L09GFx0100006VES010000006 , 0.4926916002519076 , H21 , 2.458023097171004 , 2457761.900036 , 000002opam
-0.3050370418062256 , 0.9348674697370362 , -9.904529572223705e-06 , -0.6384586387830486 , 0.6071918899516363 , 0.4729572658710898 , 17.5 , L09GFx0100006VES010000007 , 0.49264415588679256 , H21 , 2.457958567390839 , 2457761.901542 , 000002opam
-0.28696172368693695 , 0.9405686100200068 , -2.4223644847933137e-05 , -0.5890005462812254 , 0.6482136878849715 , 0.48259441699939165 , 19.4 , L069fq0000006V5L010000001 , 0.5036144941571749 , 703 , 2.484656812819443 , 2457760.8191 , 000002obB2
-0.29033692117024695 , 0.9395096233725603 , -9.856600669061208e-06 , -0.5931721987432482 , 0.6455708042267149 , 0.48102502987700435 , 19.2 , L06C9w0000006V6H010000001 , 0.5018235198918087 , 703 , 2.4847463513823325 , 2457761.01956 , 000002obJ1
-0.28720259268129006 , 0.9404950192463222 , -2.3698043136802753e-05 , -0.5892424001339821 , 0.6480267010041275 , 0.48255029651845716 , 19.3 , L069fq0000006V5L010000004 , 0.5035641200368354 , 703 , 2.4846369600490688 , 2457760.83332 , 000002obB2
-0.28898772122714866 , 0.939939400576734 , -1.6961568827881027e-05 , -0.5912482296732735 , 0.6466911352972995 , 0.4818880642183513 , 18.8 , L06AmQ0100006V5i010000004 , 0.5028081907256585 , 703 , 2.4846801283216062 , 2457760.93906 , 000002obBZ
-0.2898893116808191 , 0.9396529483259689 , -1.2283275178472215e-05 , -0.5924826160543123 , 0.645968911846264 , 0.48134033136814103 , 18.7 , L06BNA0100006V62010000002 , 0.5021831983962582 , I52 , 2.4847399462708424 , 2457760.99279 , 000002obC9
-0.2903541210911634 , 0.9395041061851652 , -9.763227463241457e-06 , -0.5932001927099882 , 0.6455544609733089 , 0.481012441924628 , 19.2 , L06C9w0000006V6H010000003 , 0.5018091617256424 , 703 , 2.484745705290359 , 2457761.02059 , 000002obJ1
-0.29659332938914024 , 0.9375786036502054 , -1.5034342984940785e-05 , -0.6091292268143463 , 0.6321745366314735 , 0.4788704838213965 , 17.8 , L06KdJ0000006V7L010000002 , 0.4993676276352734 , C44 , 2.4758309126309217 , 2457761.39678 , 000002ofW6
-0.296594069512448 , 0.9375773278923311 , -1.773903829890456e-05 , -0.6092713475673066 , 0.6319899547786718 , 0.4789333169579777 , 18.8 , L06KRC0000006V7J010000002 , 0.4994392022982763 , B49 , 2.475613982979565 , 2457761.39707 , 000002ofW4
-0.29796379673072715 , 0.9371494498288424 , -1.6625998663406593e-05 , -0.6125191443496579 , 0.6291573473888846 , 0.4785199369219064 , 18.1 , L06MTM0000006V7d010000001 , 0.4989683629074974 , 958 , 2.4737610743379714 , 2457761.47836 , 000002ofuw
-0.2994494752295343 , 0.9366731709630559 , -1.0922754787877537e-05 , -0.6160814228947914 , 0.6263985667017149 , 0.47756519554712784 , None , L071oD0000006V7p010000004 , 0.4978813748574953 , 204 , 2.4722808174645117 , 2457761.56641 , 000002ofvC
-0.30724892705756174 , 0.9341317644999392 , -7.81354685949924e-06 , -0.6507185837738239 , 0.5966821725722917 , 0.4696122971833242 , 17.6 , L07C970100006V9H010000001 , 0.488851588877512 , G96 , 2.4498266561361657 , 2457762.03437 , 000002ogAq
-0.2967383451198934 , 0.9375336091049317 , -1.5129690045884233e-05 , -0.6094573063143743 , 0.6318785750015709 , 0.4788436678437039 , 18.0 , L06KdJ0000006V7L010000004 , 0.499337081792561 , C44 , 2.4756318143529716 , 2457761.40538 , 000002ofW6
-0.2982023728667925 , 0.937074192998101 , -1.640208003888367e-05 , -0.6130896557109992 , 0.62866950221474 , 0.47843048716113346 , 18.4 , L06MTM0000006V7d010000003 , 0.49886649563398267 , 958 , 2.4734514445644473 , 2457761.49251 , 000002ofuw
-0.29916472211870926 , 0.9367672146347532 , -1.3895036307145175e-05 , -0.6155051377522767 , 0.6267132001436477 , 0.4778953757531652 , 18.2 , L0719V0100006V7m010000003 , 0.4982572174807851 , I93 , 2.472284265425997 , 2457761.54964 , 000002ofv9
-0.2992977262856834 , 0.9367223033977096 , -1.1434207131357003e-05 , -0.6156664783495192 , 0.6267158975284184 , 0.4776839658412767 , None , L071oD0000006V7p010000002 , 0.4980165616963265 , 204 , 2.472460516147402 , 2457761.55737 , 000002ofvC
-0.3062392924705071 , 0.9344604310095361 , -3.31156725690425e-06 , -0.6447617233915467 , 0.6023871608508001 , 0.4705443958770255 , 18.0 , L07D480100006V9U010000001 , 0.48990764223927047 , W25 , 2.4547035035933744 , 2457761.97383 , 000002ohGk
-0.30725572449480537 , 0.9341294486887189 , -7.776922559657662e-06 , -0.6507616655321639 , 0.5966474843228777 , 0.46959667175671665 , 17.6 , L07C970100006V9H010000003 , 0.48883389057038484 , G96 , 2.449801071819206 , 2457762.03478 , 000002ogAq
-0.30459053925402524 , 0.9350247528643209 , -2.0916170260483722e-05 , -0.6368450795482091 , 0.607738877740347 , 0.4744278671601602 , 17.9 , L078gK0000006V8v010000003 , 0.49431398426753975 , I52 , 2.457663230989608 , 2457761.87515 , 000002ofz3
-0.32033242036000037 , 0.9297749795825453 , -2.297704102260893e-05 , -0.918488706773181 , 0.20012644387602818 , 0.341068764315445 , 14.2 , L087TH0100006VBR010000001 , 0.3480536003012003 , G96 , 2.081038995494061 , 2457762.82477 , 000002oiuZ
-0.32118651261252007 , 0.9294790480311084 , -2.037038351047441e-05 , -0.9548724412764866 , 0.07757264323239428 , 0.2867073523867539 , 12.2 , L088dg0100006VBf010000001 , 0.290788125223415 , G96 , 1.9661983195160198 , 2457762.87584 , 000002oivV
-0.30498228879380657 , 0.9348858007135348 , -1.016646243844618e-05 , -0.6381969797557115 , 0.6073963820966707 , 0.47304783061183475 , 17.5 , L09GFx0100006VES010000005 , 0.49274694642544287 , H21 , 2.458098777572649 , 2457761.898261 , 000002opam
-0.32256845307601795 , 0.9289915473800282 , -1.4025404180176729e-05 , -0.9650086678210552 , -0.23047727686927516 , 0.12505397185677755 , 15.1 , L08Ab40100006VCB010000003 , 0.12538222987291686 , G96 , 1.6697661854787602 , 2457762.95885 , 000002oiw8
-0.3221055005220855 , 0.9291559445491209 , -1.6371281631058223e-05 , -0.9751392038532178 , -0.1106166439015119 , 0.19200909145266742 , 14.8 , L089pm0000006VC2010000003 , 0.19320892123197034 , G96 , 1.787365983500131 , 2457762.93098 , 000002oivz
-0.32325271429816815 , 0.9287469160590829 , -1.034061942505352e-05 , -0.9036124055296089 , -0.4283448128352902 , 0.0023112529272900873 , 14.9 , L08BOD0000006VCO010000001 , 0.00231125498503822 , G96 , 1.4630739112739832 , 2457763.00017 , 000002oiwZ
-0.3232565158490025 , 0.928745552261284 , -1.0319804591241748e-05 , -0.9030802882490132 , -0.4294689098301073 , 0.0015647573033590646 , 15.0 , L08BOD0000006VCO010000003 , 0.0015647579419021257 , G96 , 1.4618341882498063 , 2457763.0004 , 000002oiwZ
-0.323807049819986 , 0.9285476107168052 , -7.315045528419628e-06 , -0.803681018822167 , -0.5850728891653222 , -0.10856580653551186 , 15.5 , L08CAB0100006VCV010000001 , -0.10878021480367864 , G96 , 1.2788561849370166 , 2457763.03376 , 000002oiwq
-0.32381232252735725 , 0.9285457112335431 , -7.286577774485643e-06 , -0.8025453797151043 , -0.5864371342523916 , -0.10960109975625806 , 15.4 , L08CAB0100006VCV010000004 , -0.10982172317499908 , G96 , 1.2771258561975536 , 2457763.03408 , 000002oiwq
-0.2889791434242094 , 0.9399421098908242 , -1.7003393321164388e-05 , -0.5912356335111257 , 0.646699000676708 , 0.4818929634166128 , 18.9 , L06AmQ0100006V5i010000003 , 0.5028137819405475 , 703 , 2.4846807255666477 , 2457760.93855 , 000002obBZ
-0.2889624913604602 , 0.9399473685078529 , -1.708439880460749e-05 , -0.5912150330527585 , 0.6467114390967854 , 0.4819015451664276 , 18.9 , L06AmQ0100006V5i010000001 , 0.5028235759124942 , 703 , 2.4846793094400446 , 2457760.93756 , 000002obBZ
-0.2899616171344892 , 0.939629842782884 , -1.1892610942834192e-05 , -0.59259031871376 , 0.6459070390949205 , 0.4812907759497965 , 18.6 , L06BNA0100006V62010000004 , 0.5021266636115206 , I52 , 2.4847429393358045 , 2457760.99711 , 000002obC9
-0.2899253005708347 , 0.9396414500181609 , -1.208897114992496e-05 , -0.5925360417696366 , 0.6459381401140488 , 0.48131586131144155 , 18.8 , L06BNA0100006V62010000003 , 0.5021552817666745 , I52 , 2.484741383233752 , 2457760.99494 , 000002obC9
-0.2903624699881194 , 0.9395014278585639 , -9.717915441419916e-06 , -0.5932127428430279 , 0.6455478360943729 , 0.48100585551791797 , None , L06C9w0000006V6H010000004 , 0.5018016491333032 , 703 , 2.484746937051293 , 2457761.02109 , 000002obJ1
-0.29661886877295146 , 0.9375696787489196 , -1.777282263797269e-05 , -0.6093293219969886 , 0.6319373255070203 , 0.47892900725026505 , 18.9 , L06KRC0000006V7J010000003 , 0.49943429292237573 , B49 , 2.4755777151525757 , 2457761.39854 , 000002ofW4
-0.29669281620531324 , 0.937547746118277 , -1.5103443652058322e-05 , -0.6093546621574206 , 0.6319673459098777 , 0.47885714927381084 , 18.3 , L06KdJ0000006V7L010000003 , 0.499352438306591 , C44 , 2.475688066725996 , 2457761.40268 , 000002ofW6
-0.29653616849965186 , 0.9375963123427958 , -1.4987378680840082e-05 , -0.6090030437119665 , 0.6322913339007491 , 0.4788767710210761 , 17.9 , L06KdJ0000006V7L010000001 , 0.49937478940240304 , C44 , 2.4759112089476374 , 2457761.39339 , 000002ofW6
-0.2965624589390073 , 0.9375893837923763 , -1.6383504463712762e-05 , -0.6089857367701574 , 0.6322183444024645 , 0.47899513297267987 , 18.0 , L06LeT0000006V7R010000001 , 0.4995096210620285 , K65 , 2.475806417093361 , 2457761.39486 , 000002ofWD
-0.29688804340772756 , 0.9374881419639919 , -1.6490383286591708e-05 , -0.6097076410438719 , 0.6315726958845309 , 0.47892851477633164 , 18.2 , L06LeT0000006V7R010000002 , 0.4994337319246901 , K65 , 2.475381618523623 , 2457761.41416 , 000002ofWD
-0.29744178702864416 , 0.9373147245279717 , -1.6259257449180845e-05 , -0.6109574817391059 , 0.6304836422048651 , 0.4787706469898692 , 18.4 , L06LeT0000006V7R010000004 , 0.49925390696414096 , K65 , 2.4746868666802184 , 2457761.44699 , 000002ofWD
-0.2980831774304258 , 0.9371118296914386 , -1.6525912417670015e-05 , -0.6128054232940663 , 0.6289112216350868 , 0.478476946657666 , 18.2 , L06MTM0000006V7d010000002 , 0.4989194039824447 , 958 , 2.4736033407623377 , 2457761.48544 , 000002ofuw
-0.29906900199983294 , 0.9367979433040192 , -1.414294373825968e-05 , -0.6152543573958856 , 0.6269132238487644 , 0.47795594511306655 , 18.1 , L0719V0100006V7m010000001 , 0.49832617164765386 , I93 , 2.47240306917839 , 2457761.54395 , 000002ofv9
-0.2992203106655598 , 0.936747326611246 , -1.1685097333447145e-05 , -0.6154581165351614 , 0.6268760810382701 , 0.4777422797001455 , 17.9 , L071oD0000006V7p010000001 , 0.4980829393901465 , 204 , 2.472551321529112 , 2457761.55276 , 000002ofvC
-0.2991159399540568 , 0.9367828808772496 , -1.4022988889681915e-05 , -0.6153772183571864 , 0.6268143280183596 , 0.4779274812331512 , 18.2 , L0719V0100006V7m010000002 , 0.4982937671011283 , I93 , 2.472343495733103 , 2457761.54674 , 000002ofv9
-0.299375121549305 , 0.9366972583059366 , -1.1176542034266274e-05 , -0.6158773375355072 , 0.6265540816259113 , 0.47762442138995154 , None , L071oD0000006V7p010000003 , 0.49794878571156637 , 204 , 2.4723684946645106 , 2457761.56198 , 000002ofvC
-0.3045873470372496 , 0.9350258047848464 , -2.0927802911279565e-05 , -0.636832455934549 , 0.6077506128782364 , 0.4744297794347429 , 17.5 , L078gK0000006V8v010000002 , 0.49431615658141703 , I52 , 2.4576724361851845 , 2457761.87496 , 000002ofz3
-0.30725274028468297 , 0.9341304653879448 , -7.792999490518574e-06 , -0.6507433984955996 , 0.5966622274469393 , 0.46960325345173476 , 17.6 , L07C970100006V9H010000002 , 0.48884134537756796 , G96 , 2.4498118970883866 , 2457762.0346 , 000002ogAq
-0.30725870865612853 , 0.9341284319873155 , -7.760848833756099e-06 , -0.6507818734645319 , 0.5966318748450429 , 0.46958849974087224 , 17.6 , L07C970100006V9H010000004 , 0.4888246345152946 , G96 , 2.4497899074562035 , 2457762.03496 , 000002ogAq
-0.320339118439419 , 0.9297726759992208 , -2.296153160052688e-05 , -0.9187904565161213 , 0.19931629190341502 , 0.34073026398717526 , 13.3 , L087TH0100006VBR010000002 , 0.34769353177187606 , G96 , 2.0802806717155358 , 2457762.82517 , 000002oiuZ
-0.3211958640749294 , 0.9294757838310201 , -2.0335300313587733e-05 , -0.9552134506470086 , 0.076027815733103 , 0.28598432638501053 , 12.6 , L088dg0100006VBf010000002 , 0.29003350028260966 , G96 , 1.9647468666681145 , 2457762.8764 , 000002oivV
-0.3221025069502842 , 0.9291570042767429 , -1.6385868779586445e-05 , -0.9751446009353563 , -0.10987073416847447 , 0.19240953469073552 , 15.0 , L089pm0000006VC2010000001 , 0.1936169730263006 , G96 , 1.7880862954001446 , 2457762.9308 , 000002oivz
-0.32210400373789466 , 0.9291564744178611 , -1.6378576252226534e-05 , -0.9751420694223385 , -0.11023862181320253 , 0.1922118380939237 , 14.8 , L089pm0000006VC2010000002 , 0.19341551605174012 , G96 , 1.787731083544082 , 2457762.93089 , 000002oivz
-0.3221071635956496 , 0.9291553558001726 , -1.6363174121374697e-05 , -0.9751363132608338 , -0.11098558041384737 , 0.19181077003200386 , 14.8 , L089pm0000006VC2010000004 , 0.1930068437034479 , G96 , 1.7870098697697934 , 2457762.93108 , 000002oivz
-0.32256646214306306 , 0.9289922564526577 , -1.4035825046780165e-05 , -0.9650953447689777 , -0.22994704171988473 , 0.125360813293156 , 15.1 , L08Ab40100006VCB010000002 , 0.1256915051241395 , G96 , 1.6702959949897453 , 2457762.95873 , 000002oiw8
-0.3232545324406106 , 0.9287462638103589 , -1.0330664603448895e-05 , -0.9033480674748452 , -0.4289038367245686 , 0.0019410905200537478 , 14.9 , L08BOD0000006VCO010000002 , 0.0019410917390064425 , G96 , 1.4624574237874695 , 2457763.00028 , 000002oiwZ
-0.3232583339604091 , 0.9287449000015418 , -1.0309849367632465e-05 , -0.9028157151302566 , -0.43002599680795717 , 0.001194396569860264 , 15.0 , L08BOD0000006VCO010000004 , 0.0011943968538447862 , G96 , 1.4612193793901342 , 2457763.00051 , 000002oiwZ
-0.3238083680132235 , 0.9285471358457806 , -7.307927567572548e-06 , -0.8033941460125887 , -0.5854181091263444 , -0.10882777062698047 , 15.5 , L08CAB0100006VCV010000002 , -0.1090437402974026 , G96 , 1.2784185683569183 , 2457763.03384 , 000002oiwq
-0.323810345281147 , 0.9285464235400194 , -7.297251910299227e-06 , -0.8029670755694487 , -0.5859311015079043 , -0.10921822117751921 , 15.5 , L08CAB0100006VCV010000003 , -0.10943653219356503 , G96 , 1.2777679195417475 , 2457763.03396 , 000002oiwq
-0.2871223180458717 , 0.9405195830342844 , -2.388491196634089e-05 , -0.5891584269082952 , 0.6480884422083751 , 0.4825699110790732 , 19.5 , L069fq0000006V5L010000003 , 0.5035865145937402 , 703 , 2.484641029038353 , 2457760.82858 , 000002obB2
-0.3045843227980004 , 0.9350268012986357 , -2.093880930806573e-05 , -0.6368183804854143 , 0.6077614346741046 , 0.474434809851478 , 18.0 , L078gK0000006V8v010000001 , 0.4943218710679277 , I52 , 2.4576796746260308 , 2457761.87478 , 000002ofz3
-0.2870418586879455 , 0.940544165124451 , -2.4060521172668295e-05 , -0.5890828603008389 , 0.6481513153919015 , 0.4825777202228983 , None , L069fq0000006V5L010000002 , 0.5035954306142232 , 703 , 2.4846508031416423 , 2457760.82383 , 000002obB2
-0.28897090166291567 , 0.9399447127469159 , -1.704351731362491e-05 , -0.5912261921452427 , 0.6467046837578418 , 0.4818969202299454 , 18.9 , L06AmQ0100006V5i010000002 , 0.5028182976702491 , 703 , 2.4846796469878374 , 2457760.93806 , 000002obBZ
-0.28985348323691595 , 0.9396643911440264 , -1.247639658597022e-05 , -0.5924300416203073 , 0.6459993545871101 , 0.48136418609904735 , 18.7 , L06BNA0100006V62010000001 , 0.5022104134442459 , I52 , 2.48473851817455 , 2457760.99065 , 000002obC9
-0.29656910217759624 , 0.9375850260148562 , -1.7703972976131863e-05 , -0.6092178872771317 , 0.6320416955924231 , 0.4789330442287763 , 18.1 , L06KRC0000006V7J010000001 , 0.4994388916201659 , B49 , 2.4756509788617582 , 2457761.39559 , 000002ofW4
-0.2971662062989056 , 0.9374012259395799 , -1.6439159277310057e-05 , -0.6103298093765425 , 0.6310220778354624 , 0.4788618392298649 , 18.1 , L06LeT0000006V7R010000003 , 0.4993577806020259 , K65 , 2.475023903444123 , 2457761.43065 , 000002ofWD
-0.30459356342299715 , 0.9350237562663826 , -2.090513586883979e-05 , -0.6368588548542572 , 0.6077276121502766 , 0.4744238067633695 , 17.8 , L078gK0000006V8v010000004 , 0.4943093717290216 , I52 , 2.457655178006615 , 2457761.87533 , 000002ofz3
-0.3225648030109343 , 0.9289928473410352 , -1.4044507357346607e-05 , -0.9651744150524059 , -0.2294602576455035 , 0.12564369737278996 , 15.1 , L08Ab40100006VCB010000001 , 0.12597664370018485 , G96 , 1.6707824279361114 , 2457762.95863 , 000002oiw8
-0.32257027807799243 , 0.9289908973888413 , -1.401584969269421e-05 , -0.9649223589042302 , -0.2310044639398724 , 0.12474685938550999 , 15.0 , L08Ab40100006VCB010000004 , 0.12507269350870323 , G96 , 1.6692392411831705 , 2457762.95896 , 000002oiw8
-0.2903452708497324 , 0.9395069451535937 , -9.81126889959919e-06 , -0.5931847713870159 , 0.64556331691268 , 0.48101957429114295 , 18.8 , L06C9w0000006V6H010000002 , 0.5018172970860012 , 703 , 2.4847462443881234 , 2457761.02006 , 000002obJ1
-0.306350791715349 , 0.9344226697448527 , -2.771330287693559e-06 , -0.6454195458990881 , 0.6018717091266551 , 0.47030208964491516 , 17.7 , L07D480100006V9U010000002 , 0.4896330558859548 , W25 , 2.454335014255937 , 2457761.98056 , 000002ohGk
-0.5694215428364446 , 0.803220053157058 , -8.440368273421399e-06 , -0.39067791832026433 , 0.5598594618438577 , 0.7307038710181101 , 18.9 , L0OFvg0000006Vec01000000N , 0.8193524015090816 , H21 , 2.322205875510667 , 2457778.859505 , 000002pHm1
-0.5477356618059676 , 0.8179615007464762 , -1.6191242577668118e-05 , -0.4116646411894124 , 0.5335859412725087 , 0.7387951451320746 , 19.0 , L0MJa90000006Vaj010000003 , 0.8312807980029318 , 104 , 2.3082464933739306 , 2457777.36149 , 000002pBOn
-0.6492674748971606 , 0.7411163751143205 , -1.2279625495505364e-05 , -0.2594276001827557 , 0.7117627150239253 , 0.652756583854339 , 18.4 , L0UH8l0000006WGs01000000W , 0.7112174875726808 , H21 , 2.3550780439610914 , 2457784.653852 , 000002qPX3
-0.5329916935923225 , 0.8275087878048163 , -8.583495990656423e-06 , -0.4232852096868341 , 0.5188279242287398 , 0.7427295714463441 , 19.3 , L0LMIU0000006VYx010000001 , 0.8371376672229858 , D29 , 2.2988000949115692 , 2457776.35356 , 000002p9Ic
-0.6109150556935349 , 0.7725799702218931 , -8.645519416132571e-06 , -0.3369710993582259 , 0.6255793465593634 , 0.7036341090052901 , 18.7 , 00000000_00_00BU82F , 0.7804990443631229 , H21 , 2.3457818782148325 , 2457781.811982 , 00000ad-S9
-0.6108834790665457 , 0.7726047843040014 , -8.813385604787279e-06 , -0.33702434699435013 , 0.6255145328829592 , 0.70366622676184 , 18.8 , 00000000_00_00BU82E , 0.7805442458425192 , H21 , 2.345763832405902 , 2457781.809707 , 00000ad-S9
-0.6108538532139475 , 0.77262805659432 , -8.969672176615423e-06 , -0.3370752527518194 , 0.6254542346326195 , 0.7036954414819107 , 19.0 , 00000000_00_00BU82D , 0.7805853634408175 , H21 , 2.34574827606918 , 2457781.807573 , 00000ad-S9
-0.610824193546728 , 0.7726513468835378 , -9.124937111965678e-06 , -0.337125918888485 , 0.6253931281163789 , 0.7037254792306479 , 19.2 , 00000000_00_00BU82C , 0.7806276411381924 , H21 , 2.345731622409884 , 2457781.805437 , 00000ad-S9
-0.6107944861950841 , 0.7726746660006663 , -9.279221251941315e-06 , -0.33717603075334895 , 0.6253320634810627 , 0.7037557350870633 , 19.5 , 00000000_00_00BU82B , 0.7806702276088093 , H21 , 2.3457145348167563 , 2457781.803298 , 00000ad-S9
-0.6107636614472657 , 0.7726988530869359 , -9.437978313358168e-06 , -0.3372283783271218 , 0.6252691410969822 , 0.7037865600043111 , 19.4 , 00000000_00_00BU82A , 0.7807136169056111 , H21 , 2.3456975814804255 , 2457781.801079 , 00000ad-S9
-0.5334620540535377 , 0.827202039668575 , -5.77862798656355e-06 , -0.4229328159809672 , 0.5193406899124304 , 0.7425719365608224 , 18.9 , L0LMIU0000006VYx010000003 , 0.8369022784684286 , D29 , 2.2991815218077396 , 2457776.38557 , 000002p9Ic
-0.5353220747709696 , 0.8260376227843291 , -8.881090021018933e-06 , -0.42162863279629115 , 0.520897660222736 , 0.7422229608283547 , 18.6 , L0M0ca0000006VZ1010000002 , 0.8363813878240379 , K88 , 2.3001980001534417 , 2457776.51248 , 000002p9Ik
-0.536414358802348 , 0.8253379404939996 , -1.0274259284955538e-05 , -0.42073197223239506 , 0.5219995309014109 , 0.7419576115116996 , 18.7 , L0M2dF0000006VZA010000001 , 0.8359855212729159 , 958 , 2.3009044968368673 , 2457776.58646 , 000002p9LC
-0.40544516190248814 , 0.896175813469314 , -2.3131127024243736e-05 , -0.48904666141585856 , 0.4424819097149634 , 0.751693503053606 , 20.1 , L0N1WM0000006Vba010000003 , 0.850626145100093 , F51 , 2.2201958790765097 , 2457768.05936 , 000002pEKv
-0.5476542397227235 , 0.8180146183488416 , -1.294151232275732e-05 , -0.41173139104641593 , 0.5335238312084822 , 0.7388028039738387 , None , L0MJOj0100006Vad010000007 , 0.8312921625196108 , 246 , 2.308224200246994 , 2457777.35584 , 000002pB8k
-0.5364760662922247 , 0.8252877566915395 , -3.381757076925371e-06 , -0.4206634809562088 , 0.5221828046577544 , 0.7418674775925731 , 19.4 , L0M2ji0100006VZB010000001 , 0.835851092685418 , L04 , 2.3010749754361672 , 2457776.59053 , 000002p9LD
-0.542943092855172 , 0.8210887482832626 , -5.268944843345298e-06 , -0.41533434039031597 , 0.5289228143671767 , 0.740093265835088 , 19.1 , L0MCqQ0000006VZl010000002 , 0.8332090321419994 , 926 , 2.3053708378369175 , 2457777.03094 , 000002p9V0
-0.5468050757900216 , 0.8185840499611579 , -1.2775224968480951e-05 , -0.41223747805275346 , 0.5327044071370015 , 0.7391118158340599 , 19.1 , L0MJK50100006VaZ010000001 , 0.8317508056971075 , C42 , 2.3076196819549337 , 2457777.29593 , 000002pAXh
-0.5469166719668292 , 0.8185101161308008 , -1.2330615611025154e-05 , -0.4121312788342787 , 0.5328241955744206 , 0.7390846944815551 , 19.2 , L0MJK50100006VaZ010000004 , 0.8317105422649882 , C42 , 2.307683555290019 , 2457777.30351 , 000002pAXh
-0.5475709965026505 , 0.8180688658638993 , -1.2908403819657867e-05 , -0.41181564983563484 , 0.533433702039178 , 0.7388209228759235 , 19.2 , L0MJOj0100006Vad010000003 , 0.8313190486844729 , 246 , 2.308180180588242 , 2457777.3502 , 000002pB8k
-0.5476397756279047 , 0.8180240472462756 , -1.2936769048169047e-05 , -0.4117453829123999 , 0.533508495975596 , 0.7388060803568001 , None , L0MJOj0100006Vad010000005 , 0.8312970241998922 , 246 , 2.308216430991337 , 2457777.35486 , 000002pB8k
-0.5476823271502381 , 0.8179962119753069 , -1.6162713084440876e-05 , -0.41171437225609164 , 0.5335266481431291 , 0.738810253988756 , None , L0MJa90000006Vaj010000002 , 0.8313032173059409 , 104 , 2.308213392696967 , 2457777.35788 , 000002pBOn
-0.5484471836076544 , 0.8174931853617502 , -1.587950759131667e-05 , -0.411016065330834 , 0.5343698493726388 , 0.7385896412226637 , 18.9 , L0MKlz0100006Vb5010000001 , 0.8309759153655984 , I93 , 2.308690670777419 , 2457777.41006 , 000002pBYF
-0.5486354224471606 , 0.8173700331227498 , -1.5818665817428467e-05 , -0.4108295589935067 , 0.5345823319265307 , 0.7385396427066006 , 19.1 , L0MKlz0100006Vb5010000003 , 0.8309017536902848 , I93 , 2.3088021457544796 , 2457777.42281 , 000002pBYF
-0.548762893346317 , 0.8172881438935605 , -1.440789438500721e-05 , -0.410667056691531 , 0.5347501756838923 , 0.7385085091956364 , 18.7 , L0MLtX0100006VbH010000003 , 0.8308555770967574 , K38 , 2.3088784598929055 , 2457777.43114 , 000002pBiD
-0.5487188378578256 , 0.8173179025075072 , -1.414583153869556e-05 , -0.41069026875811915 , 0.5347082282026207 , 0.7385259737069496 , 19.3 , L0MLv30000006VbI010000001 , 0.8308814798189573 , 595 , 2.308846007875477 , 2457777.428 , 000002pBiE
-0.5491056816995697 , 0.8170624800742373 , -1.3280941502578999e-05 , -0.41031288910980007 , 0.5351606545468064 , 0.7384080219332688 , None , L0MLv30000006VbI010000003 , 0.8307065523535472 , 595 , 2.3090971887370397 , 2457777.45425 , 000002pBiE
-0.547795779019928 , 0.8179094291316361 , -6.987298113334384e-06 , -0.4112135028084777 , 0.5340578161699581 , 0.7387054244391044 , 20.0 , L0MMSf0000006VbS010000002 , 0.8311476771471641 , D29 , 2.3084512520976377 , 2457777.36299 , 000002pEJj
-0.5694537044395799 , 0.8031972245163186 , -8.258744235090117e-06 , -0.3906430246403895 , 0.5599062499832884 , 0.7306866760311559 , 18.9 , L0OFvg0000006Vec01000000O , 0.8193272149082648 , H21 , 2.322230396864527 , 2457778.861743 , 000002pHm1
-0.5846142470811349 , 0.792373169522226 , -5.14488580910013e-06 , -0.37351159927449695 , 0.58133504744027 , 0.7228683475052886 , 19.5 , L0PA1q0000006Vhu01000002L , 0.8079444511585434 , H45 , 2.331653552848383 , 2457779.92718 , 000002pKfj
-0.5846489430753731 , 0.7923473854485459 , -4.929096923728636e-06 , -0.3734676163131482 , 0.5813963498206248 , 0.722841769670672 , 19.5 , L0PA1q0000006Vhu01000002N , 0.8079059882833618 , H45 , 2.3316831210749394 , 2457779.92964 , 000002pKfj
-0.5846850394761188 , 0.7923205527098702 , -4.705008128326011e-06 , -0.37342737309813906 , 0.5814517818268436 , 0.7228179732349022 , 19.5 , L0PA1q0000006Vhu01000002P , 0.807871551902282 , H45 , 2.3317091219814663 , 2457779.9322 , 000002pKfj
-0.5824788903333417 , 0.7939412037531731 , -2.1435477146788108e-05 , -0.3763071824859333 , 0.5777507046135161 , 0.7242907066420804 , 18.8 , L0PCUR0000006ViQ0100000tL , 0.8100051229724006 , 703 , 2.3300932750274552 , 2457779.7776 , 000002pKv0
-0.6122319118976136 , 0.771540433980062 , -4.4028261772714215e-06 , -0.33474605481350334 , 0.6282653604755516 , 0.7023017269046974 , 19.2 , L0R9hU0100006Vta01000002w , 0.778625671925046 , H45 , 2.3464991971600586 , 2457781.90718 , 000002pl91
-0.6122572227408282 , 0.7715202581747337 , -4.239916818267228e-06 , -0.3346984176254248 , 0.6283222959054384 , 0.7022734949484818 , 19.0 , L0R9hU0100006Vta01000002y , 0.7785860143596747 , H45 , 2.3465144448701794 , 2457781.90902 , 000002pl91
-0.6122822532157132 , 0.7715003010156773 , -4.0788479523862946e-06 , -0.3346576842034552 , 0.6283782321213711 , 0.7022428581335667 , 19.2 , L0R9hU0100006Vta010000030 , 0.7785429804328874 , H45 , 2.3465346634210205 , 2457781.91084 , 000002pl91
-0.6099533234569722 , 0.7733290664155961 , -2.0336804514767105e-05 , -0.3387458290788687 , 0.6235126476812283 , 0.7046156693284746 , 18.5 , L0RD1D0000006VuN01000014F , 0.7818813758641306 , 703 , 2.3452509155381556 , 2457781.74368 , 000002pnhY
-0.6100829222584467 , 0.7732293264900565 , -2.009160323852489e-05 , -0.33851663924018 , 0.6237665115488218 , 0.7045011171231366 , 18.5 , L0RD1D0000006VuN01000014H , 0.7817199542497454 , 703 , 2.3453034520050746 , 2457781.75293 , 000002pnhY
-0.6122090255925742 , 0.771553340891241 , -3.9973661056981356e-07 , -0.33481047014504567 , 0.6282839130674234 , 0.7022544223156875 , 20.0 , L0RFIv0000006Vuo010000002 , 0.7785592238182564 , W25 , 2.346584372875734 , 2457781.90568 , 000002pnqC
-0.564571365693916 , 0.8065953544340617 , -9.797408410871983e-06 , -0.3957565989487572 , 0.5534993564998762 , 0.7328131936194486 , None , L0n33z0000006X2W01000000Q , 0.8224472340344018 , 204 , 2.3190886764285583 , 2457778.52218 , 000002rKVj
-0.5648088624833345 , 0.8064302849091624 , -8.794335143629456e-06 , -0.39549858539705135 , 0.5538261140306102 , 0.7327056055242684 , None , L0n33z0000006X2W01000000S , 0.8222891296660678 , 204 , 2.3192556426450035 , 2457778.53857 , 000002rKVj
-0.6187866051613006 , 0.7663754906019737 , -8.229983050472785e-06 , -0.3241162893486208 , 0.6408802336377556 , 0.6958600125824854 , None , L0RLJ00100006Vxn01000000W , 0.7696167003421999 , 246 , 2.349335912219841 , 2457782.38718 , 000002pyut
-0.6187936653541343 , 0.7663699258068709 , -8.22188907264338e-06 , -0.32410322694380683 , 0.6408956375599546 , 0.6958519095621069 , None , L0RLJ00100006Vxn01000000Y , 0.7696054176485688 , 246 , 2.3493392998740563 , 2457782.38769 , 000002pyut
-0.6187998948505229 , 0.7663650154209368 , -8.214653618676725e-06 , -0.3240906705053799 , 0.6409095826174581 , 0.6958449138999931 , None , L0RLJ00100006Vxn01000000a , 0.7695956769463612 , 246 , 2.3493417651559145 , 2457782.38814 , 000002pyut
-0.6188069548413729 , 0.7663594500138415 , -8.206347313723273e-06 , -0.32407584062434264 , 0.6409218021590409 , 0.6958405658200971 , None , L0RLJ00100006Vxn01000000c , 0.7695896227621138 , 246 , 2.3493401121523805 , 2457782.38865 , 000002pyut
-0.6385486531511307 , 0.7502370739724395 , -7.0106093997410295e-06 , -0.2846160511905747 , 0.6849330063345437 , 0.6707163932976502 , 18.8 , L0TAGX0100006W8w010000016 , 0.7351742282020535 , H45 , 2.354708218999271 , 2457783.84598 , 000002qA3G
-0.638605824251383 , 0.7501885642910562 , -6.651780958380818e-06 , -0.2844865526737636 , 0.6850860477371846 , 0.6706150226051024 , 18.6 , L0TAGX0100006W8w010000019 , 0.7350375657658289 , H45 , 2.3547301721139298 , 2457783.85023 , 000002qA3G
-0.6386344667299227 , 0.7501642481885414 , -6.470829558664969e-06 , -0.2844185519091946 , 0.6851570117366923 , 0.670571365775428 , 18.7 , L0TAGX0100006W8w01000001B , 0.7349787152116539 , H45 , 2.354732153592289 , 2457783.85236 , 000002qA3G
-0.6386569186647422 , 0.7501451815565432 , -6.328464441224399e-06 , -0.2843700173279488 , 0.6852155700721047 , 0.6705321139033259 , 18.8 , L0TAGX0100006W8w01000001D , 0.7349258053287285 , H45 , 2.354741216016272 , 2457783.85403 , 000002qA3G
-0.6366885522232202 , 0.7517893093701092 , -1.8553373884246232e-05 , -0.2891715799499324 , 0.6801561878628842 , 0.6736225630581928 , 18.3 , L0TCpQ0000006W9z0100001CY , 0.7390993858944843 , 703 , 2.354492945020396 , 2457783.70942 , 000002qD3p
-0.6368125076101218 , 0.7516873966440397 , -1.845817595673286e-05 , -0.28887304115574175 , 0.6804549316187909 , 0.6734489231776228 , 18.5 , L0TCpQ0000006W9z0100001Ca , 0.7388644690459057 , 703 , 2.354492061757743 , 2457783.71851 , 000002qD3p
-0.6756543164145068 , 0.7175139073213788 , -1.5339423596826388e-05 , -0.17797269408769237 , 0.7886316834417854 , 0.5885454850994478 , 17.3 , L0WClK0100006WRI0100001A9 , 0.6292585512850561 , 703 , 2.340807447315112 , 2457786.68193 , 000002qc79
-0.6758054501465878 , 0.71737628524469 , -1.533873604719283e-05 , -0.17737120556129182 , 0.7891076865456093 , 0.5880888661353574 , 17.6 , L0WClK0100006WRI0100001AB , 0.628693869252784 , 703 , 2.3405968267896435 , 2457786.69353 , 000002qc79
-0.6783510927909008 , 0.7150205027851093 , -2.2019158943483487e-05 , -0.16743298316339278 , 0.7971856835101926 , 0.5800527408394808 , 17.7 , L0X1dE0100006WTw010000001 , 0.6187934353181448 , T05 , 2.337207556301517 , 2457786.89136 , 000002qeZ6
-0.6786237657179569 , 0.7147675723247027 , -2.0910872191974552e-05 , -0.16629881376253922 , 0.7980915144075666 , 0.5791326611164398 , 18.1 , L0X1dE0100006WTw010000002 , 0.6176643732038747 , T05 , 2.3368126122984254 , 2457786.91238 , 000002qeZ6
-0.6787947502843334 , 0.714608416359662 , -2.009710097105406e-05 , -0.1655858443340306 , 0.7986605304693432 , 0.5785522320643258 , 18.4 , L0X1dE0100006WTw010000004 , 0.6169525740439915 , T05 , 2.336563371426391 , 2457786.92558 , 000002qeZ6
-0.6991765803137645 , 0.6949751954507802 , -7.863704083563937e-06 , -0.07483788443591818 , 0.8660943839396852 , 0.49424670880168037 , 17.6 , L0ZLTC0000006WdE010000009 , 0.5169680904072729 , W25 , 2.2964793443852156 , 2457788.549 , 000002qtvp
-0.6998857121308072 , 0.6942865174127838 , -8.801008044489853e-06 , -0.07094128859799112 , 0.8683932417020539 , 0.49077541843317163 , 18.0 , L0ZLTC0000006WdE01000000B , 0.5129795000146977 , W25 , 2.294194277309664 , 2457788.60528 , 000002qtvp
-0.7237430647469307 , 0.6698060726991201 , -7.248037813720357e-06 , 0.07386112641383905 , 0.9383803787046373 , 0.33761931056593975 , 17.8 , L0aHlB0000006WeH010000004 , 0.344386549631969 , W25 , 2.1934155149178154 , 2457790.56523 , 000002quZC
-0.769329551524785 , 0.6179460385861999 , -5.874140570877773e-06 , 0.41297541457480796 , 0.9028131212454259 , -0.11991569982224014 , 18.6 , L0eE0W0100006WjK010000006 , -0.12020496905656351 , W25 , 1.816661078387857 , 2457794.52728 , 000002qymZ
-0.7695962868150956 , 0.6176278274245651 , -6.5468658471205025e-06 , 0.4148546786058764 , 0.9015725246518468 , -0.12272969661703872 , 18.3 , L0eE0W0100006WjK010000008 , -0.12303990819557102 , W25 , 1.8139329790007512 , 2457794.55101 , 000002qymZ
-0.8188381314874641 , 0.5522579560409846 , 1.4327067202654473e-07 , 0.6136296281691587 , 0.5840390479680722 , -0.5313728162801783 , None , L0j8Uv0100006Wpv010000016 , -0.5602202775120916 , 246 , 1.3876033632660756 , 2457799.25124 , 000002r4u5
-0.8188457817205778 , 0.5522471147518435 , 1.2485267960998327e-07 , 0.6136473600272253 , 0.5839810153552204 , -0.5314161187208221 , None , L0j8Uv0100006Wpv010000018 , -0.5602713944855842 , 246 , 1.3875441199525709 , 2457799.252 , 000002r4u5
-0.5332269986539387 , 0.8273554552408687 , -7.164091963134538e-06 , -0.4231065250011601 , 0.5190844044739009 , 0.7426521726443803 , 19.1 , L0LMIU0000006VYx010000002 , 0.8370220835570223 , D29 , 2.2989892676900965 , 2457776.36956 , 000002p9Ic
-0.5352813072825872 , 0.8260639005093416 , -9.04675541903468e-06 , -0.42166240306494557 , 0.5208532939664465 , 0.7422349116053474 , 18.4 , L0M0ca0000006VZ1010000001 , 0.8363992209077883 , K88 , 2.3001678626716933 , 2457776.50973 , 000002p9Ik
-0.5353628338237952 , 0.826011338777036 , -8.71355781865543e-06 , -0.42159380165826416 , 0.5209424469439692 , 0.7422113131550624 , 18.7 , L0M0ca0000006VZ1010000003 , 0.8363640073739623 , K88 , 2.300227830213854 , 2457776.51523 , 000002p9Ik
-0.5365661566208841 , 0.8252394487402767 , -9.55263651138074e-06 , -0.4206023713443255 , 0.5221646894147749 , 0.7419148754054617 , 19.1 , L0M2dF0000006VZA010000002 , 0.8359217807949846 , 958 , 2.3010130886173528 , 2457776.59672 , 000002p9LC
-0.5367179667351322 , 0.8251407859284003 , -8.809734917800777e-06 , -0.4204734558356488 , 0.5223344715377329 , 0.7418684336060025 , 18.7 , L0M2dF0000006VZA010000003 , 0.8358525184092779 , 958 , 2.301127298096047 , 2457776.60699 , 000002p9LC
-0.5366388868581486 , 0.8251813866557288 , -2.56591071797478e-06 , -0.42053208938995024 , 0.5223640468698779 , 0.7418143732302892 , 19.1 , L0M2ji0100006VZB010000002 , 0.8357719005132437 , L04 , 2.301201646344115 , 2457776.6016 , 000002p9LD
-0.5428268096076522 , 0.821166620826011 , -5.949718677881003e-06 , -0.41542666037534615 , 0.5287857039759676 , 0.7401394254598436 , 18.9 , L0MCqQ0000006VZl010000001 , 0.8332776731486959 , 926 , 2.305274138088332 , 2457777.02295 , 000002p9V0
-0.5430613155141324 , 0.8210095285099803 , -4.591142423843161e-06 , -0.4152417813578107 , 0.5290619794089654 , 0.7400457316670771 , 19.6 , L0MCqQ0000006VZl010000003 , 0.8331383525591033 , 926 , 2.305469773893395 , 2457777.03907 , 000002p9V0
-0.546842477750456 , 0.818559281774326 , -1.2628327168085102e-05 , -0.41219428039787376 , 0.5327438340571407 , 0.7391074904784668 , 19.2 , L0MJK50100006VaZ010000002 , 0.8317443843029396 , C42 , 2.3076345814438097 , 2457777.29847 , 000002pAXh
-0.546879725540184 , 0.8185346045829548 , -1.2479903772021167e-05 , -0.4121584933820987 , 0.5327881480852059 , 0.7390955050552906 , 19.2 , L0MJK50100006VaZ010000003 , 0.831726591059729 , C42 , 2.307660508345187 , 2457777.301 , 000002pAXh
-0.5475428056011947 , 0.8180872277429095 , -1.2894007724634665e-05 , -0.4118390906572411 , 0.5334017640940573 , 0.7388309153439401 , None , L0MJOj0100006Vad010000001 , 0.8313338765854391 , 246 , 2.3081598511388415 , 2457777.34829 , 000002pB8k
-0.5475580080392302 , 0.8180773263647222 , -1.2901970892729205e-05 , -0.41182510283341633 , 0.5334171047456404 , 0.7388276368957949 , None , L0MJOj0100006Vad010000002 , 0.8313290116441817 , 246 , 2.3081676889474614 , 2457777.34932 , 000002pB8k
-0.5476202932667847 , 0.818036745456223 , -1.2929708538482337e-05 , -0.4117605283547463 , 0.5334809125299306 , 0.7388175574898398 , None , L0MJOj0100006Vad010000004 , 0.8313140548161646 , 246 , 2.308195406456877 , 2457777.35354 , 000002pB8k
-0.5476475980604938 , 0.818018948093772 , -1.2939387066269462e-05 , -0.4117378550353314 , 0.5335163564252434 , 0.7388045994426653 , None , L0MJOj0100006Vad010000006 , 0.8312948267334646 , 246 , 2.308220176038656 , 2457777.35539 , 000002pB8k
-0.547591465866669 , 0.8180553051489866 , -1.6099682363412705e-05 , -0.41179516929277465 , 0.5334281808202967 , 0.7388363245360126 , None , L0MJa90000006Vaj010000001 , 0.8313419034281674 , 104 , 2.3081568891695268 , 2457777.35173 , 000002pBOn
-0.5485372476536221 , 0.8174342930867489 , -1.5860130394676143e-05 , -0.4109267622149333 , 0.5344714642227949 , 0.7385658061588645 , 19.0 , L0MKlz0100006Vb5010000002 , 0.8309405605995688 , I93 , 2.3087439154394347 , 2457777.41616 , 000002pBYF
-0.5483580157970331 , 0.8175539594636406 , -1.487036090322582e-05 , -0.4110641652961254 , 0.5342874717228153 , 0.7386224675498583 , 18.8 , L0MLtX0100006VbH010000002 , 0.8310246091959378 , K38 , 2.3086289767085164 , 2457777.4037 , 000002pBiD
-0.5491010782919462 , 0.8170651751912396 , -1.3762315220259127e-05 , -0.4103345607775121 , 0.5351449095443483 , 0.7384073902801199 , 19.0 , L0MLtX0100006VbH010000004 , 0.8307056156754326 , K38 , 2.309095068051051 , 2457777.45408 , 000002pBiD
-0.5489123919210538 , 0.8171902486622649 , -1.3749597759250633e-05 , -0.41050088620808184 , 0.5349338968721861 , 0.7384678384327356 , 19.2 , L0MLv30000006VbI010000002 , 0.8307952585621453 , 595 , 2.308970540961738 , 2457777.44113 , 000002pBiE
-0.547552416784332 , 0.8180740377735783 , -8.48090110215861e-06 , -0.4114200299579261 , 0.5337600690311936 , 0.738805622377926 , 19.1 , L0MMSf0000006VbS010000001 , 0.8312963446236669 , D29 , 2.308252651900239 , 2457777.34626 , 000002pEJj
-0.5480387044431935 , 0.8177448266716861 , -5.52799896774293e-06 , -0.4110056335946178 , 0.534356660202293 , 0.7386049883739874 , 19.6 , L0MMSf0000006VbS010000003 , 0.830998680658944 , D29 , 2.308649699534401 , 2457777.37972 , 000002pEJj
-0.4050357917346284 , 0.8963632804199523 , -2.5426639348390128e-05 , -0.4892068554010389 , 0.44230299710982696 , 0.7516945598953683 , 20.1 , L0N1WM0000006Vba010000001 , 0.8506277475603309 , F51 , 2.219920482088736 , 2457768.03387 , 000002pEKv
-0.4052403621319902 , 0.8962697306938842 , -2.430208213966893e-05 , -0.4891265079247892 , 0.44239184492059447 , 0.751694562168075 , 20.0 , L0N1WM0000006Vba010000002 , 0.8506277510063769 , F51 , 2.2200573162436084 , 2457768.0466 , 000002pEKv
-0.5694078884852524 , 0.8032297427892289 , -8.517280515320108e-06 , -0.39069314780709186 , 0.5598392692909261 , 0.7307111993232264 , 18.8 , L0OFvg0000006Vec01000000M , 0.8193631359542031 , H21 , 2.322195424863269 , 2457778.858555 , 000002pHm1
-0.5845905468347578 , 0.792390777808812 , -5.292482527370774e-06 , -0.37353913202449057 , 0.5812972984002643 , 0.7228844774367092 , 19.6 , L0PA1q0000006Vhu01000002K , 0.8079677948058022 , H45 , 2.3316358746964987 , 2457779.9255 , 000002pKfj
-0.5846325835311375 , 0.7923595438665024 , -5.0307989026914345e-06 , -0.3734872849684326 , 0.5813689390794448 , 0.7228536536814002 , 19.6 , L0PA1q0000006Vhu01000002M , 0.807923186378839 , H45 , 2.3316699635642824 , 2457779.92848 , 000002pKfj
-0.5846643134906245 , 0.7923359606311183 , -4.8336220119339894e-06 , -0.37345116432984043 , 0.5814192740591845 , 0.7228318307968856 , 19.5 , L0PA1q0000006Vhu01000002O , 0.8078916053548325 , H45 , 2.331693999827797 , 2457779.93073 , 000002pKfj
-0.5823354959030276 , 0.7940442323275869 , -2.1798873068124653e-05 , -0.37649909327203185 , 0.5775305934240844 , 0.7243665138757884 , 18.8 , L0PCUR0000006ViQ0100000tJ , 0.8101150753905442 , 703 , 2.3300141334517503 , 2457779.76762 , 000002pKv0
-0.582406483898514 , 0.7939932523513876 , -2.1625509719087448e-05 , -0.3764034000191698 , 0.5776393428937232 , 0.7243295313566309 , 18.8 , L0PCUR0000006ViQ0100000tK , 0.810061433574394 , 703 , 2.3300525256581324 , 2457779.77256 , 000002pKv0
-0.5825485484674777 , 0.7938910827688629 , -2.12402321173882e-05 , -0.3762127388929003 , 0.5778620457596039 , 0.7242509448839042 , 18.6 , L0PCUR0000006ViQ0100000tM , 0.8099474567530247 , 703 , 2.3301355929292127 , 2457779.78245 , 000002pKv0
-0.5480321892972112 , 0.8177670309478857 , -1.4988939256350694e-05 , -0.4113839531356825 , 0.5339211984229706 , 0.7387092777114941 , 19.0 , L0MLtX0100006VbH010000001 , 0.831153393945463 , K38 , 2.308434799581298 , 2457777.38163 , 000002pBiD
-0.6188088928597794 , 0.7663579221976704 , -8.204047435257312e-06 , -0.3240745777992153 , 0.6409273916851739 , 0.6958360055443381 , None , L0RLJ00100006Vxn01000000d , 0.7695832731585124 , 246 , 2.349344578941839 , 2457782.38879 , 000002pyut
-0.6492875086240377 , 0.7410993138843123 , -1.226026907693316e-05 , -0.25937203570504724 , 0.7118160399108912 , 0.6527205163159776 , 18.5 , L0UH8l0000006WGs01000000X , 0.7111698788930677 , H21 , 2.355072664873328 , 2457784.655344 , 000002qPX3
-0.7238240552478923 , 0.6697218287255073 , -7.372210257437707e-06 , 0.07445029636209895 , 0.9385570069650337 , 0.3369983650530566 , 17.2 , L0aHlB0000006WeH010000005 , 0.3437269474900368 , W25 , 2.1929231016794213 , 2457790.57189 , 000002quZC
-0.4610111333785825 , 0.8692237308411174 , -5.6719085496949e-05 , -0.9190225345491503 , -0.32559889304244627 , 0.2222227302514068 , 22.0 , L6H8FT010000ClnN010000005 , 0.22409361335909037 , 807 , 1.714236310637772 , 2458136.84544 , 000004xXxP
-0.46110345199257163 , 0.8691741000047176 , -5.6167624074232083e-05 , -0.9189923289822851 , -0.3257487358138853 , 0.22212802701903964 , 21.9 , L6H8FT010000ClnN010000006 , 0.22399648250797635 , 807 , 1.714192202072031 , 2458136.85139 , 000004xXxP
-0.46119571401186726 , 0.8691244538712912 , -5.561378943165201e-05 , -0.9189619934826385 , -0.3258979542844716 , 0.22203463227075973 , 21.9 , L6H8FT010000ClnN010000007 , 0.22390069578753596 , 807 , 1.7141485552370204 , 2458136.85734 , 000004xXxP
-0.445451515041177 , 0.8772195956697442 , -5.8013136353306143e-05 , -0.9239998765186807 , -0.2998836222983441 , 0.2372636534968788 , 21.7 , L6H8FT010000ClnN010000001 , 0.23954809892602838 , 807 , 1.7223347257252861 , 2458135.84518 , 000004xXxO
-0.6122162274984195 , 0.7715529338531122 , -4.503785300519792e-06 , -0.33477197363380873 , 0.6282324050630459 , 0.7023188527286062 , 19.1 , L0R9hU0100006Vta01000002v , 0.7786497294087598 , H45 , 2.3464891617054375 , 2457781.90604 , 000002pl91
-0.6122459435652654 , 0.7715292496536472 , -4.312510265746408e-06 , -0.3347189424827982 , 0.628295952999285 , 0.7022872809526864 , 19.2 , L0R9hU0100006Vta01000002x , 0.7786053794325918 , H45 , 2.3465059731543105 , 2457781.9082 , 000002pl91
-0.612270563808198 , 0.7715096217452465 , -4.154062452806204e-06 , -0.33467735023709005 , 0.6283527849529259 , 0.7022562558498017 , 19.1 , L0R9hU0100006Vta01000002z , 0.7785617992773183 , H45 , 2.3465265233236345 , 2457781.90999 , 000002pl91
-0.6098878753584797 , 0.7733793725638523 , -2.0442754237304674e-05 , -0.3388622308453104 , 0.6233854692055203 , 0.7046722254282148 , 18.3 , L0RD1D0000006VuN01000014E , 0.7819610816180833 , 703 , 2.3452260233338276 , 2457781.73901 , 000002pnhY
-0.6100180590911455 , 0.7732792664261602 , -2.0220176218924106e-05 , -0.3386322861969945 , 0.6236392957454079 , 0.7045581619335402 , 18.4 , L0RD1D0000006VuN01000014G , 0.7818003358969745 , 703 , 2.3452778161624126 , 2457781.7483 , 000002pnhY
-0.6121083528740071 , 0.7716336146757993 , -1.0095013919368698e-06 , -0.3349734923108775 , 0.6280721414568645 , 0.7023661043749497 , 20.2 , L0RFIv0000006Vuo010000001 , 0.7787161090722517 , W25 , 2.3465167561062192 , 2457781.89835 , 000002pnqC
-0.6128308136230933 , 0.7710562043353519 , 3.224951531197273e-06 , -0.3338147491554047 , 0.6295748986768748 , 0.7015719209049897 , 18.2 , L0RFIv0000006Vuo010000003 , 0.777601007581562 , W25 , 2.3469904120850846 , 2457781.95108 , 000002pnqC
-0.6187812061107486 , 0.7663797458202926 , -8.236096390436914e-06 , -0.3241271520420776 , 0.6408698532618458 , 0.69586451302623 , None , L0RLJ00100006Vxn01000000V , 0.769622966840037 , 246 , 2.349335621379935 , 2457782.38679 , 000002pyut
-0.6187915888405171 , 0.766371562543005 , -8.224281367612855e-06 , -0.32410860450890705 , 0.6408914735191547 , 0.69585324002532 , None , L0RLJ00100006Vxn01000000X , 0.769607270184974 , 246 , 2.3493400592095117 , 2457782.38754 , 000002pyut
-0.6187956034300574 , 0.766368398157244 , -8.219647451957143e-06 , -0.32410000423708474 , 0.6408996908751755 , 0.6958496773654682 , None , L0RLJ00100006Vxn01000000Z , 0.7696023095463996 , 246 , 2.3493403586102195 , 2457782.38783 , 000002pyut
-0.6188050168145234 , 0.7663609778057361 , -8.208638701184914e-06 , -0.3240817572977413 , 0.6409176109202205 , 0.6958416706400421 , None , L0RLJ00100006Vxn01000000b , 0.7695911610891534 , 246 , 2.3493412801284252 , 2457782.38851 , 000002pyut
-0.6188115230057905 , 0.7663558487005767 , -8.20091260305093e-06 , -0.3240678958988558 , 0.6409318266292761 , 0.6958350325050816 , None , L0RLJ00100006Vxn01000000e , 0.7695819183302446 , 246 , 2.3493428135913943 , 2457782.38898 , 000002pyut
-0.6385869944454378 , 0.750204545199624 , -6.770318434655422e-06 , -0.28452983064985216 , 0.6850366212461738 , 0.6706471523998239 , 18.6 , L0TAGX0100006W8w010000017 , 0.7350808795739934 , H45 , 2.354724573666381 , 2457783.84883 , 000002qA3G
-0.6385960062244921 , 0.7501968973441978 , -6.713629920145737e-06 , -0.28450883584881403 , 0.6850588031262569 , 0.670633401034554 , 18.8 , L0TAGX0100006W8w010000018 , 0.7350623413083996 , H45 , 2.3547254111361005 , 2457783.8495 , 000002qA3G
-0.6386253234032916 , 0.7501720113735849 , -6.5286758811306895e-06 , -0.2844406206211124 , 0.6851357214274191 , 0.6705837580532401 , 18.6 , L0TAGX0100006W8w01000001A , 0.734995420009733 , H45 , 2.3547333188659048 , 2457783.85168 , 000002qA3G
-0.6386434749038489 , 0.7501565988996954 , -6.413763966250856e-06 , -0.28439730644288574 , 0.6851830807929253 , 0.6705537397428687 , 18.7 , L0TAGX0100006W8w01000001C , 0.7349549557434935 , H45 , 2.3547369360870443 , 2457783.85303 , 000002qA3G
-0.6366286788771717 , 0.751838482341837 , -1.8582576403106403e-05 , -0.2893156921568125 , 0.6800117284147714 , 0.6737065232652713 , 18.3 , L0TCpQ0000006W9z0100001CX , 0.7392129934361978 , 703 , 2.3544930455776427 , 2457783.70503 , 000002qD3p
-0.6367493743363842 , 0.751739321880108 , -1.8512508348238837e-05 , -0.28902504339831125 , 0.6803023295733086 , 0.6735378717382814 , 18.2 , L0TCpQ0000006W9z0100001CZ , 0.7389848009919173 , 703 , 2.354492011833406 , 2457783.71388 , 000002qD3p
-0.6492401084420204 , 0.741139674820429 , -1.230421199695461e-05 , -0.2595035595262134 , 0.7116898243295559 , 0.6528058643570774 , 18.2 , L0UH8l0000006WGs01000000V , 0.711282540350156 , H21 , 2.3550853839125834 , 2457784.651814 , 000002qPX3
-0.6493166445798797 , 0.7410744940045687 , -1.223007294161463e-05 , -0.25928953048534686 , 0.7118943518964168 , 0.6526678873046147 , 18.2 , L0UH8l0000006WGs01000000Y , 0.7111004127888565 , H21 , 2.355064058806075 , 2457784.657514 , 000002qPX3
-0.6757294956234142 , 0.7174454779930269 , -1.5348648770287163e-05 , -0.17767367401374912 , 0.7888676040400493 , 0.5883196145451621 , 17.5 , L0WClK0100006WRI0100001AA , 0.6289791973957559 , 703 , 2.3407020369134526 , 2457786.6877 , 000002qc79
-0.6758812661621433 , 0.7173071591925798 , -1.5309562411972464e-05 , -0.17706600443028328 , 0.7893486496207193 , 0.5878574141890546 , 17.8 , L0WClK0100006WRI0100001AC , 0.6284077306180492 , 703 , 2.3404898896267676 , 2457786.69935 , 000002qc79
-0.6787568146139897 , 0.7146437648130468 , -2.0285221784502584e-05 , -0.1657455761985966 , 0.798536013357608 , 0.5786783556877977 , 18.4 , L0X1dE0100006WTw010000003 , 0.6171072129977949 , T05 , 2.336621947624099 , 2457786.92265 , 000002qeZ6
-0.6789823286921348 , 0.7144333170561571 , -1.910618600493952e-05 , -0.16481037428328932 , 0.7992922177723488 , 0.5779009354008366 , 18.7 , L0X1dE0100006WTw010000005 , 0.6161542952300643 , T05 , 2.336303015289029 , 2457786.94008 , 000002qeZ6
-0.6122097120398695 , 0.7715527933050814 , -3.9559170034979055e-07 , -0.33480960591926046 , 0.6282848066242344 , 0.7022540349113974 , 18.5 , L0ZLTC0000006WdE010000007 , 0.778558679654749 , W25 , 2.3465844448899458 , 2457781.90573 , 000002qtvo
-0.6992482569031868 , 0.694905766656329 , -8.030917457623723e-06 , -0.07444718287096706 , 0.8663252249254231 , 0.49390102411362957 , 17.6 , L0ZLTC0000006WdE01000000A , 0.5165704865789603 , W25 , 2.2962503454398515 , 2457788.55469 , 000002qtvp
-0.7003310729758446 , 0.6938515515848662 , -8.551960871778479e-06 , -0.0684690402065162 , 0.8698540637461715 , 0.48853443923378614 , 17.2 , L0ZLTC0000006WdE01000000C , 0.5104093216896448 , W25 , 2.29274661749632 , 2457788.64064 , 000002qtvp
-0.7241249145978408 , 0.6694083462961119 , -7.633749962290904e-06 , 0.07664677568321457 , 0.9392109798886814 , 0.33467597319483466 , 18.1 , L0aHlB0000006WeH010000006 , 0.3412613532489165 , W25 , 2.1910848227640174 , 2457790.59663 , 000002quZC
-0.7694024889495376 , 0.6178590834663465 , -6.0854752565853544e-06 , 0.41348911238804165 , 0.9024754939699406 , -0.12068445102937282 , 18.5 , L0eE0W0100006WjK010000007 , -0.12097934412498255 , W25 , 1.8159161592613875 , 2457794.53377 , 000002qymZ
-0.7698533099284771 , 0.617320566221328 , -6.927628208971932e-06 , 0.41666021042535967 , 0.9003663174178528 , -0.12543828565358076 , 18.3 , L0eE0W0100006WjK010000009 , -0.12576959389222123 , W25 , 1.8113025398736338 , 2457794.57387 , 000002qymZ
-0.770035888319611 , 0.6171018463948269 , -7.034131502686833e-06 , 0.41793445822160646 , 0.8995048592879088 , -0.1273648175457078 , 17.9 , L0eE0W0100006WjK01000000A , -0.12771170345794722 , W25 , 1.8094382389196317 , 2457794.59011 , 000002qymZ
-0.8188442718018515 , 0.5522492545287429 , 1.2846874194375892e-07 , 0.6136446753959717 , 0.5839947067731444 , -0.531404172752832 , None , L0j8Uv0100006Wpv010000017 , -0.5602572925363765 , 246 , 1.3875563979167846 , 2457799.25185 , 000002r4u5
-0.5646786318204338 , 0.8065208560073455 , -9.353680242634473e-06 , -0.3956401725813525 , 0.5536465485313431 , 0.7327648689307701 , 18.8 , L0n33z0000006X2W01000000R , 0.8223762159294434 , 204 , 2.3191637721174385 , 2457778.52958 , 000002rKVj
-0.6569235443099155 , 0.7344347068628021 , 8.093170813636468e-08 , -0.23880235243792927 , 0.7327582715883154 , 0.6372117009981969 , 17.4 , L1S6i90100006ZJT01000000a , 0.6908748991468303 , 168 , 2.3537292931118956 , 2457785.23567 , 000002vSm4
-0.6586167396993431 , 0.7329461921315452 , 3.7041924566105665e-06 , -0.233662051804977 , 0.7376477002999106 , 0.6334650075485951 , 18.3 , L1S6i90100006ZJT01000000c , 0.6860231247661992 , 168 , 2.353011761447609 , 2457785.36379 , 000002vSm4
-0.4454980376280025 , 0.8771956355207752 , -5.773909909676858e-05 , -0.9239882029414789 , -0.29995469463793745 , 0.23721926985310057 , 21.7 , L6H8FT010000ClnN010000002 , 0.23950241092234112 , 807 , 1.7223169786778836 , 2458135.84815 , 000004xXxO
-0.4455539402048843 , 0.8771668292932558 , -5.7408672702001975e-05 , -0.9239730552372796 , -0.3000433146133141 , 0.2371661918388515 , 21.6 , L6H8FT010000ClnN010000003 , 0.239447773704658 , 807 , 1.7222922475504385 , 2458135.85172 , 000004xXxO
-0.44559730162010197 , 0.877144474231772 , -5.715161723549389e-05 , -0.9239619076279094 , -0.30011128493590317 , 0.23712361735330295 , 21.7 , L6H8FT010000ClnN010000004 , 0.23940394909083773 , 807 , 1.7222740408970594 , 2458135.85449 , 000004xXxO
-0.5368058040879697 , 0.825072203336236 , -1.7315756054802692e-06 , -0.4204007091516316 , 0.5225494881115809 , 0.7417582329972011 , 19.2 , L0M2ji0100006VZB010000003 , 0.835688188624899 , L04 , 2.301333395045179 , 2457776.61296 , 000002p9LD
-0.6577668257243455 , 0.7336964902221422 , 1.2303762700759325e-06 , -0.23624694709808028 , 0.7351665004396831 , 0.6353877529651529 , None , L1S6i90100006ZJT01000000b , 0.6885105613467825 , 168 , 2.3533547300323665 , 2457785.29938 , 000002vSm4
